coords,sentiment
11.33877/124.552177,-2
10.62223/125.149437,0
10.62223/125.149437,-2
11.33877/124.552177,-1
15.83228/120.573029,-2
11.69361/124.831947,0
10.62794/124.444077,0
11.33877/124.552177,-2
11.33877/124.552177,1
11.33877/124.552177,-2
11.33877/124.552177,-1
11.33877/124.552177,-2
10.84919/122.650482,-2
10.62223/125.149437,-1
10.62794/124.444077,0
11.33877/124.552177,-2
10.62223/125.149437,1
10.62223/125.149437,1
11.33877/124.552177,-1
11.33877/124.552177,-1
11.33877/124.552177,-2
11.33877/124.552177,2
11.33877/124.552177,1
14.69707/121.576851,0
14.69707/121.576851,0
11.24989/122.579987,1
11.33877/124.552177,-1
11.33877/124.552177,-1
14.69707/121.576851,0
11.33877/124.552177,-2
11.33877/124.552177,1
11.33877/124.552177,-2
11.33877/124.552177,0
11.33877/124.552177,1
14.635671/120.989517,-1
14.635671/120.989517,2
14.635671/120.989517,-2
14.635671/120.989517,-1
12.09032/125.47921,1
14.635671/120.989517,-2
10.62223/125.149437,-1
17.61025/121.687477,-1
10.84919/122.650482,-1
10.37741/123.013786,-2
10.37741/123.013786,-2
10.37741/123.013786,-1
11.33877/124.552177,-2
11.33877/124.552177,-1
11.33877/124.552177,-2
11.33877/124.552177,-2
11.33877/124.552177,1
15.83228/120.573029,-1
11.33877/124.552177,-2
11.33877/124.552177,-2
14.24251/121.053047,1
11.33877/124.552177,-2
11.33877/124.552177,2
7.34833/122.919899,1
11.477714/122.890266,0
11.477714/122.890266,1
9.84158/126.124962,0
11.33877/124.552177,-2
11.24989/122.579987,-1
11.24989/122.579987,1
11.33877/124.552177,-2
18.004311/120.772751,-1
11.33877/124.552177,1
11.33877/124.552177,-2
10.62794/124.444077,0
10.09141/119.241386,-1
11.41976/123.131416,2
11.33877/124.552177,0
11.33877/124.552177,0
15.42119/120.172684,1
10.62223/125.149437,-1
7.66159/122.984718,-1
14.635671/120.989517,-2
11.33877/124.552177,0
14.635671/120.989517,2
11.33877/124.552177,1
15.42119/120.172684,-2
11.33877/124.552177,-1
15.83228/120.573029,-2
11.33877/124.552177,-2
11.33877/124.552177,-2
11.33877/124.552177,0
11.33877/124.552177,1
10.09141/119.241386,-1
10.09141/119.241386,-1
11.33877/124.552177,1
11.08335/124.747963,2
12.09032/125.47921,1
17.48101/120.482536,-1
14.19444/121.370506,2
11.33877/124.552177,-1
11.33877/124.552177,-1
11.33877/124.552177,-2
11.33877/124.552177,1
11.33877/124.552177,1
11.33877/124.552177,-1
10.62223/125.149437,-1
15.42119/120.172684,-1
10.62223/125.149437,2
11.477714/122.890266,0
11.33877/124.552177,-2
11.33877/124.552177,-1
10.62223/125.149437,-2
11.24989/122.579987,1
10.62223/125.149437,-2
11.33877/124.552177,-2
11.24989/122.579987,-1
11.33877/124.552177,2
11.33877/124.552177,-1
11.33877/124.552177,-1
14.69707/121.576851,0
15.42119/120.172684,-2
15.42119/120.172684,-1
10.84919/122.650482,1
10.09141/119.241386,0
11.33877/124.552177,-2
11.26843/122.888893,0
10.62223/125.149437,-2
11.33877/124.552177,1
14.24251/121.053047,1
11.33877/124.552177,1
11.33877/124.552177,-2
14.24251/121.053047,-1
11.13314/122.242104,1
11.24989/122.579987,-1
11.33877/124.552177,-2
11.33877/124.552177,2
14.24251/121.053047,-1
11.33877/124.552177,0
11.33877/124.552177,1
11.33877/124.552177,-2
15.35778/120.739723,0
7.34833/122.919899,0
11.33877/124.552177,-2
15.83228/120.573029,-2
14.24251/121.053047,-1
11.33877/124.552177,2
11.48514/122.728973,-1
11.33877/124.552177,-2
11.33877/124.552177,-2
9.84158/126.124962,0
10.35489/124.894531,0
11.33877/124.552177,1
9.84158/126.124962,0
11.48399/122.784111,1
10.84919/122.650482,0
11.69361/124.831947,0
11.33877/124.552177,1
14.69707/121.576851,0
10.79067/123.944832,0
10.79067/123.944832,0
11.33877/124.552177,0
11.33877/124.552177,1
11.33877/124.552177,-1
10.37741/123.013786,0
11.33877/124.552177,-1
11.33877/124.552177,-1
15.42119/120.172684,2
11.33877/124.552177,-2
11.33877/124.552177,1
10.62223/125.149437,-2
11.33877/124.552177,1
11.33877/124.552177,-2
10.30393/125.266983,-1
10.52387/125.052963,0
10.45003/125.185837,0
11.13913/123.10968,-2
11.33877/124.552177,1
11.33877/124.552177,1
11.33877/124.552177,2
11.33877/124.552177,-1
11.33877/124.552177,1
11.33877/124.552177,-2
11.33877/124.552177,1
10.62223/125.149437,0
11.33877/124.552177,0
11.33877/124.552177,1
11.33877/124.552177,1
11.33877/124.552177,0
11.33877/124.552177,1
11.48399/122.784111,2
11.33877/124.552177,0
11.33877/124.552177,0
10.62223/125.149437,-1
10.84919/122.650482,-1
11.33877/124.552177,1
10.09141/119.241386,-1
11.33877/124.552177,2
11.477714/122.890266,-1
11.33877/124.552177,-1
10.35489/124.894531,-2
11.33877/124.552177,-1
11.48514/122.728973,1
11.48399/122.784111,2
11.33877/124.552177,0
7.91623/124.600487,2
11.49771/123.120338,1
18.004311/120.772751,-1
11.33877/124.552177,1
11.33877/124.552177,-1
11.33877/124.552177,-2
11.33877/124.552177,-1
11.26843/122.888893,-2
11.33877/124.552177,-1
10.84919/122.650482,-2
11.33877/124.552177,-1
10.84919/122.650482,-1
10.06127/122.805679,0
10.84919/122.650482,0
11.33877/124.552177,2
9.84158/126.124962,-1
11.33877/124.552177,-1
11.33877/124.552177,1
11.33877/124.552177,1
11.33877/124.552177,0
9.84158/126.124962,0
11.477714/122.890266,1
11.33877/124.552177,-2
11.33877/124.552177,-1
11.33877/124.552177,-1
11.33877/124.552177,1
10.62223/125.149437,0
11.33877/124.552177,-1
10.62223/125.149437,0
11.33877/124.552177,2
11.33877/124.552177,1
11.477714/122.890266,0
11.33877/124.552177,0
15.42119/120.172684,1
11.33877/124.552177,1
11.477714/122.890266,0
11.33877/124.552177,0
14.24251/121.053047,2
11.69361/124.831947,1
11.33877/124.552177,0
11.33877/124.552177,1
11.33877/124.552177,2
12.09032/125.47921,1
11.33877/124.552177,1
11.33877/124.552177,-1
11.33877/124.552177,-1
10.62223/125.149437,1
11.33877/124.552177,1
11.33877/124.552177,0
11.33877/124.552177,0
11.09735/124.945137,-1
11.33877/124.552177,1
11.33877/124.552177,1
11.33877/124.552177,2
11.477714/122.890266,2
11.33877/124.552177,-1
11.33877/124.552177,-1
11.33877/124.552177,2
11.33877/124.552177,2
10.62223/125.149437,0
10.62223/125.149437,2
12.09032/125.47921,2
11.33877/124.552177,1
11.477714/122.890266,2
10.62223/125.149437,-1
11.24989/122.579987,-1
11.24989/122.579987,1
11.33877/124.552177,-1
11.33877/124.552177,1
14.19444/121.370506,-1
11.477714/122.890266,1
11.33877/124.552177,-1
10.62223/125.149437,0
9.84158/126.124962,2
12.09032/125.47921,1
11.24989/122.579987,1
11.33877/124.552177,-2
14.19444/121.370506,0
13.55446/124.149101,0
10.62223/125.149437,1
11.24989/122.579987,1
11.33877/124.552177,2
10.62223/125.149437,-1
11.33877/124.552177,-1
11.33877/124.552177,-1
11.33877/124.552177,2
11.33877/124.552177,0
11.33877/124.552177,-1
11.33877/124.552177,-1
14.24634/120.899887,2
11.09735/124.945137,2
11.33877/124.552177,0
10.62223/125.149437,2
13.87362/122.396873,2
7.67176/122.899239,1
11.33877/124.552177,-1
16.34889/119.989723,2
11.33877/124.552177,-1
11.33877/124.552177,-2
10.09141/119.241386,-2
9.84158/126.124962,-1
11.33877/124.552177,0
7.90923/123.819839,-1
10.09141/119.241386,1
11.33877/124.552177,-2
11.1829/125.568336,-2
11.33877/124.552177,1
15.42119/120.172684,-1
11.33877/124.552177,1
7.90923/123.819839,0
14.24251/121.053047,2
14.24251/121.053047,2
11.33877/124.552177,-2
10.62223/125.149437,2
13.64883/123.375648,1
15.42119/120.172684,1
10.84919/122.650482,-1
11.33877/124.552177,-1
11.33877/124.552177,-1
11.33877/124.552177,-1
11.477714/122.890266,-2
11.477714/122.890266,-2
11.33877/124.552177,-2
11.33877/124.552177,1
11.33877/124.552177,1
11.33877/124.552177,-1
11.33877/124.552177,1
11.33877/124.552177,1
11.33877/124.552177,0
11.33877/124.552177,1
11.47454/124.518044,-1
11.86194/123.133888,1
11.33877/124.552177,-2
10.84919/122.650482,2
11.33877/124.552177,1
11.33877/124.552177,-2
15.42119/120.172684,2
11.07625/122.735077,-1
11.33877/124.552177,2
8.07234/122.474297,2
11.47454/124.518044,-2
11.1829/125.568336,-2
11.33877/124.552177,2
9.96/125.61573,-2
11.47454/124.518044,-1
11.33877/124.552177,-1
11.1829/125.568336,-2
11.1829/125.568336,-2
15.42119/120.172684,1
14.04749/120.801361,-1
14.24251/121.053047,2
14.19444/121.370506,-1
7.8764/123.877243,2
11.24989/122.579987,-2
11.33877/124.552177,-1
10.62223/125.149437,-1
11.33877/124.552177,1
10.62223/125.149437,0
11.07625/122.735077,1
11.07625/122.735077,1
15.42119/120.172684,2
9.84158/126.124962,1
11.33877/124.552177,-1
10.62223/125.149437,0
11.82996/122.101677,0
11.07625/122.735077,0
15.42119/120.172684,2
15.42119/120.172684,1
11.92847/121.966148,2
10.62223/125.149437,0
15.42119/120.172684,2
9.84158/126.124962,1
10.62223/125.149437,0
11.33877/124.552177,1
7.44716/126.557716,-2
11.33877/124.552177,-2
11.26843/122.888893,-1
11.33877/124.552177,0
12.09032/125.47921,-2
11.33877/124.552177,0
11.33877/124.552177,1
9.84158/126.124962,2
15.42119/120.172684,2
11.33877/124.552177,-2
12.09032/125.47921,-1
12.09032/125.47921,-1
11.36809/125.608093,-2
11.36809/125.608093,-2
15.42119/120.172684,2
10.62223/125.149437,-1
11.36809/125.608093,-2
11.33877/124.552177,1
10.84919/122.650482,1
11.36809/125.608093,-2
11.36809/125.608093,-1
11.33877/124.552177,-2
11.47454/124.518044,-2
11.36809/125.608093,-2
13.87362/122.396873,0
11.33877/124.552177,-2
12.34832/125.289948,2
10.62223/125.149437,2
11.69361/124.831947,-1
9.84158/126.124962,2
9.84158/126.124962,-1
11.33877/124.552177,-1
10.62223/125.149437,1
11.33877/124.552177,-1
11.33877/124.552177,-2
10.84919/122.650482,1
7.44716/126.557716,-2
11.48399/122.784111,0
11.33877/124.552177,2
11.02511/122.477379,0
11.33877/124.552177,-2
10.84919/122.650482,2
10.62223/125.149437,-2
10.84919/122.650482,-2
10.84919/122.650482,1
11.33877/124.552177,1
11.48399/122.784111,-1
11.33877/124.552177,1
11.36809/125.608093,-2
11.477714/122.890266,-2
12.65942/124.040123,-1
10.84919/122.650482,1
14.24251/121.053047,-2
11.33877/124.552177,1
11.36809/125.608093,-1
11.48514/122.728973,2
17.82028/120.525146,-1
11.3446/122.752563,0
11.33877/124.552177,2
12.09032/125.47921,-1
11.36809/125.608093,-2
15.42119/120.172684,-1
11.36809/125.608093,-2
11.48399/122.784111,2
11.48365/122.531723,0
11.33877/124.552177,-1
10.62223/125.149437,-2
11.36809/125.608093,-2
11.36809/125.608093,-1
10.62794/124.444077,0
11.33877/124.552177,-1
11.33877/124.552177,-2
10.09141/119.241386,-1
11.3446/122.752563,1
11.26843/122.888893,2
12.34832/125.289948,1
11.47002/122.654892,-1
11.24989/122.579987,0
15.42119/120.172684,2
12.09032/125.47921,-2
11.33877/124.552177,1
11.33877/124.552177,1
7.90923/123.819839,-1
11.26843/122.888893,1
7.44716/126.557716,-1
11.33877/124.552177,-2
11.48514/122.728973,2
7.91623/124.600487,-2
7.91623/124.600487,-1
12.09032/125.47921,-2
12.19631/121.976471,-2
11.13913/123.10968,2
11.33877/124.552177,-1
10.84919/122.650482,-2
11.11/125.439079,-2
12.27187/123.733131,-1
11.33877/124.552177,-2
13.52603/123.351013,1
11.24989/122.579987,-1
15.42119/120.172684,1
11.33877/124.552177,2
11.33877/124.552177,-1
12.19128/123.900108,-2
11.11/125.439079,-1
11.33877/124.552177,1
10.84919/122.650482,0
11.11/125.439079,-2
11.33877/124.552177,0
10.62794/124.444077,0
11.47002/122.654892,-1
11.33877/124.552177,-2
12.09032/125.47921,-2
9.96/125.61573,-2
10.62223/125.149437,-2
10.84919/122.650482,1
17.48101/120.482536,-2
10.84919/122.650482,-1
11.33877/124.552177,2
8.18695/124.06572,1
11.33877/124.552177,1
11.07625/122.735077,-2
10.84919/122.650482,1
15.42119/120.172684,0
10.84919/122.650482,-1
11.33877/124.552177,1
10.35489/124.894531,0
11.33877/124.552177,2
15.42119/120.172684,1
11.3446/122.752563,0
11.26843/122.888893,0
11.33877/124.552177,1
14.93031/121.080147,-2
11.33877/124.552177,2
11.477714/122.890266,1
11.33877/124.552177,-1
13.52603/123.351013,1
11.33877/124.552177,1
11.477714/122.890266,2
11.33877/124.552177,1
14.93031/121.080147,2
11.33877/124.552177,2
11.33877/124.552177,0
11.33877/124.552177,0
11.477714/122.890266,0
11.33877/124.552177,-1
11.33877/124.552177,2
10.84919/122.650482,-2
11.3446/122.752563,2
10.47458/122.705971,0
11.31033/122.663757,0
11.26843/122.888893,2
12.62532/122.284721,-1
11.24989/122.579987,2
11.21162/122.966721,2
11.33877/124.552177,0
15.42119/120.172684,0
11.33877/124.552177,-1
11.33877/124.552177,-2
11.33877/124.552177,-2
11.26843/122.888893,0
11.33877/124.552177,-2
11.33877/124.552177,-2
10.46278/125.471657,1
11.33877/124.552177,2
11.24989/122.579987,-1
12.09032/125.47921,-1
11.33877/124.552177,-1
11.33877/124.552177,-1
11.11755/125.253067,-1
12.62532/122.284721,-1
12.62532/122.284721,-1
12.31102/122.669533,-1
12.47393/122.072884,-1
12.19128/123.900108,-2
11.11755/125.253067,-2
7.44716/126.557716,-2
11.11755/125.253067,-2
11.33877/124.552177,-2
10.77604/125.957024,-2
11.11755/125.253067,-1
11.33877/124.552177,-1
11.11755/125.253067,-1
11.33877/124.552177,-2
11.33877/124.552177,-2
11.33877/124.552177,0
11.47454/124.518044,0
11.11755/125.253067,-2
7.91623/124.600487,-1
14.635671/120.989517,-1
9.54399/125.6045,1
11.33877/124.552177,-1
11.13913/123.10968,-1
11.33877/124.552177,-1
16.69025/120.89521,1
9.54399/125.6045,0
11.13913/123.10968,-1
14.635671/120.989517,-1
11.33877/124.552177,0
11.33877/124.552177,-2
11.7579/122.283447,-1
14.635671/120.989517,-2
11.33877/124.552177,0
11.47454/124.518044,0
11.33877/124.552177,-2
11.33877/124.552177,-1
11.47454/124.518044,-1
11.477714/122.890266,1
11.33877/124.552177,-2
11.33877/124.552177,-2
10.37741/123.013786,2
11.33877/124.552177,-2
11.33877/124.552177,0
11.33877/124.552177,-1
14.635671/120.989517,-2
11.33877/124.552177,-1
11.4152/124.965118,-2
11.3446/122.752563,0
11.33877/124.552177,-1
11.33877/124.552177,1
11.33877/124.552177,0
15.42119/120.172684,0
17.48101/120.482536,-2
11.33877/124.552177,-2
11.48399/122.784111,-1
11.69361/124.831947,-2
14.24251/121.053047,0
11.33877/124.552177,-2
9.9525/124.293747,-2
10.62223/125.149437,0
11.33877/124.552177,-2
11.64219/124.466873,-2
11.33877/124.552177,1
17.48101/120.482536,-1
12.19128/123.900108,-2
17.48101/120.482536,-2
11.33877/124.552177,1
11.33877/124.552177,0
11.09056/123.649437,-2
9.12073/123.672142,-1
11.477714/122.890266,-2
11.33877/124.552177,0
17.560419/120.489349,0
11.33877/124.552177,0
11.33877/124.552177,-2
11.31701/125.249237,-2
11.33877/124.552177,-2
10.62223/125.149437,2
11.33877/124.552177,-2
11.33877/124.552177,-2
7.91623/124.600487,2
11.1346/125.013977,1
11.33877/124.552177,0
11.33877/124.552177,-1
11.69361/124.831947,-1
11.477714/122.890266,1
11.33877/124.552177,2
11.33877/124.552177,-1
15.42119/120.172684,0
11.33877/124.552177,-1
9.67585/124.082939,-1
11.33877/124.552177,0
11.31033/122.663757,0
11.33877/124.552177,-1
15.35778/120.739723,-1
17.48101/120.482536,-1
11.69361/124.831947,-1
11.31701/125.249237,-2
10.9444/122.484444,-1
11.33877/124.552177,0
10.84919/122.650482,2
14.19444/121.370506,-1
10.52433/124.939842,-1
11.33877/124.552177,2
11.31701/125.249237,-2
11.31701/125.249237,-1
18.004311/120.772751,0
8.38102/124.972893,1
11.33877/124.552177,1
11.31701/125.249237,-1
15.35778/120.739723,1
10.84919/122.650482,2
10.62794/124.444077,2
11.01818/124.916222,0
11.31701/125.249237,0
12.19128/123.900108,-2
11.31701/125.249237,-1
11.31701/125.249237,-2
12.65942/124.040123,-2
11.33877/124.552177,-2
11.33877/124.552177,-2
12.33166/125.163223,0
11.33877/124.552177,2
11.33877/124.552177,-2
11.33877/124.552177,-2
12.09032/125.47921,-2
11.33877/124.552177,1
11.33877/124.552177,2
9.96/125.61573,-2
10.62223/125.149437,-2
11.33877/124.552177,-2
11.33877/124.552177,0
11.08107/125.030884,0
15.42119/120.172684,2
11.31701/125.249237,-1
11.33877/124.552177,-1
11.33877/124.552177,-2
11.33877/124.552177,-1
11.33877/124.552177,-1
11.33877/124.552177,2
11.31701/125.249237,-2
10.84919/122.650482,1
13.51391/123.546867,0
10.62223/125.149437,-1
11.33877/124.552177,-2
11.33877/124.552177,1
11.21162/122.966721,1
10.62223/125.149437,-2
11.33877/124.552177,-2
10.84919/122.650482,-1
11.33877/124.552177,-1
11.33877/124.552177,-1
11.33877/124.552177,-1
10.84919/122.650482,-2
11.33877/124.552177,0
11.33877/124.552177,-1
9.37896/122.721046,-2
11.31701/125.249237,-2
11.08107/125.030884,0
14.061156/122.067551,-1
7.44716/126.557716,-2
11.31701/125.249237,-2
11.31701/125.249237,-1
11.33877/124.552177,1
10.84919/122.650482,1
11.33877/124.552177,1
11.31701/125.249237,-1
10.62223/125.149437,2
11.13913/123.10968,2
10.62223/125.149437,-1
11.33877/124.552177,-1
11.31701/125.249237,-1
11.31701/125.249237,-2
11.11755/125.253067,-1
11.38738/123.036667,0
11.31701/125.249237,-1
11.33877/124.552177,-1
13.95248/122.418083,-1
11.33877/124.552177,1
11.33877/124.552177,-1
10.62223/125.149437,-2
15.42119/120.172684,1
12.22356/125.217041,-2
11.33877/124.552177,-1
11.33877/124.552177,-1
11.3446/122.752563,0
11.33877/124.552177,-1
11.33877/124.552177,-2
18.004311/120.772751,-1
11.21162/122.966721,1
15.42119/120.172684,2
10.84919/122.650482,-1
15.42119/120.172684,0
11.33877/124.552177,2
10.62223/125.149437,0
11.13913/123.10968,2
11.33877/124.552177,1
11.38738/123.036667,0
18.004311/120.772751,-2
10.84919/122.650482,-1
11.477714/122.890266,-1
18.004311/120.772751,-2
10.84919/122.650482,0
10.62223/125.149437,-2
10.84919/122.650482,0
11.33877/124.552177,-1
11.33877/124.552177,-2
11.33877/124.552177,-1
11.33877/124.552177,-1
11.33877/124.552177,1
11.08107/125.030884,0
14.19707/121.2938,0
11.33877/124.552177,0
11.21162/122.966721,-1
14.19707/121.2938,0
10.62794/124.444077,-2
8.18695/124.06572,-1
11.21162/122.966721,1
11.33877/124.552177,-2
11.09056/123.649437,-1
10.62223/125.149437,2
10.84919/122.650482,-2
11.33877/124.552177,-1
14.19707/121.2938,-1
11.33877/124.552177,-1
11.33877/124.552177,0
11.11755/125.253067,-2
14.19707/121.2938,-1
10.62794/124.444077,-1
11.21162/122.966721,1
11.33877/124.552177,-2
11.33877/124.552177,-2
11.33877/124.552177,1
11.33877/124.552177,1
10.62223/125.149437,-1
11.21162/122.966721,1
11.38738/123.036667,0
10.62223/125.149437,0
10.35489/124.894531,0
11.33877/124.552177,0
15.42119/120.172684,2
11.08107/125.030884,-2
12.27187/123.733131,-1
11.33877/124.552177,-2
10.62223/125.149437,-2
11.24989/122.579987,2
11.33877/124.552177,-1
15.42119/120.172684,0
11.33877/124.552177,-1
14.19707/121.2938,-2
11.33877/124.552177,1
11.33877/124.552177,1
14.19444/121.370506,0
11.33877/124.552177,-1
12.19128/123.900108,-1
14.19707/121.2938,-2
14.19707/121.2938,-1
15.42119/120.172684,2
11.33877/124.552177,0
11.33877/124.552177,-2
11.1346/125.013977,0
7.44716/126.557716,-1
11.33877/124.552177,-2
10.86586/124.501259,1
14.19707/121.2938,-1
10.62223/125.149437,2
11.33877/124.552177,-1
12.09032/125.47921,1
11.33877/124.552177,0
11.13913/123.10968,-2
11.33877/124.552177,0
15.42119/120.172684,-2
10.62223/125.149437,0
10.62223/125.149437,0
11.69361/124.831947,1
10.62223/125.149437,0
11.33877/124.552177,-1
13.07567/124.134247,-1
10.62223/125.149437,1
11.33877/124.552177,0
11.33877/124.552177,1
11.08107/125.030884,-1
11.33877/124.552177,0
12.09032/125.47921,0
14.19707/121.2938,-2
11.33877/124.552177,1
11.33877/124.552177,2
11.33877/124.552177,1
11.33877/124.552177,-1
10.62794/124.444077,-1
11.33877/124.552177,0
11.08107/125.030884,-2
17.48101/120.482536,1
18.004311/120.772751,-1
11.33877/124.552177,1
10.62794/124.444077,-2
15.42119/120.172684,2
10.62223/125.149437,-2
10.84919/122.650482,-2
11.33877/124.552177,-1
14.19707/121.2938,-2
14.19707/121.2938,-2
14.24251/121.053047,-2
14.19707/121.2938,-2
11.33877/124.552177,-1
11.33877/124.552177,1
11.33877/124.552177,-2
14.19707/121.2938,-2
11.33877/124.552177,2
11.33877/124.552177,-2
11.33877/124.552177,2
17.308189/120.481529,-1
9.96/125.61573,0
10.77604/125.957024,-1
11.47454/124.518044,0
11.33877/124.552177,0
11.33877/124.552177,0
11.33877/124.552177,1
12.09032/125.47921,-2
11.33877/124.552177,0
11.33877/124.552177,0
11.33877/124.552177,-1
11.33877/124.552177,-1
11.08107/125.030884,-2
11.33877/124.552177,2
15.42119/120.172684,-1
11.33877/124.552177,0
12.65942/124.040123,-1
10.62223/125.149437,2
11.33877/124.552177,0
11.02292/119.291801,-2
14.635671/120.989517,0
10.62223/125.149437,-2
10.62223/125.149437,-1
14.635671/120.989517,-1
11.33877/124.552177,2
10.84919/122.650482,-1
11.33877/124.552177,0
11.33877/124.552177,1
14.635671/120.989517,-2
14.19707/121.2938,-2
14.24251/121.053047,1
11.33877/124.552177,-1
11.33877/124.552177,0
11.33877/124.552177,1
11.11/125.439079,0
14.19707/121.2938,-2
14.19707/121.2938,-2
12.09032/125.47921,1
11.08107/125.030884,-1
10.62794/124.444077,-1
11.33877/124.552177,-2
10.62223/125.149437,2
11.33877/124.552177,-1
11.08107/125.030884,-1
10.62223/125.149437,-2
11.33877/124.552177,0
10.62794/124.444077,-2
11.33877/124.552177,-2
11.33877/124.552177,2
11.33877/124.552177,2
11.33877/124.552177,1
7.91623/124.600487,1
11.33877/124.552177,-1
10.62794/124.444077,-1
11.33877/124.552177,0
10.62223/125.149437,-1
11.33877/124.552177,1
11.33877/124.552177,2
12.09032/125.47921,1
10.86586/124.501259,0
11.33877/124.552177,1
11.33877/124.552177,-2
11.33877/124.552177,-1
11.33877/124.552177,2
11.33877/124.552177,2
11.33877/124.552177,1
11.33877/124.552177,1
11.33877/124.552177,1
11.33877/124.552177,2
11.33877/124.552177,2
11.33877/124.552177,1
11.33877/124.552177,1
15.42119/120.172684,2
15.42119/120.172684,2
11.33877/124.552177,-1
11.33877/124.552177,1
10.62223/125.149437,2
11.33877/124.552177,1
11.33877/124.552177,1
11.33877/124.552177,1
11.33877/124.552177,1
11.33877/124.552177,2
11.33877/124.552177,2
11.33877/124.552177,1
11.33877/124.552177,1
11.33877/124.552177,2
10.62223/125.149437,2
18.004311/120.772751,-1
10.86586/124.501259,0
11.33877/124.552177,1
11.33877/124.552177,1
11.33877/124.552177,1
11.33877/124.552177,1
11.33877/124.552177,-1
11.69361/124.831947,-1
11.33877/124.552177,1
10.62223/125.149437,-2
11.33877/124.552177,0
12.09032/125.47921,-2
11.33877/124.552177,-2
11.33877/124.552177,1
11.33877/124.552177,1
10.62223/125.149437,2
10.62794/124.444077,1
10.62223/125.149437,1
14.93031/121.080147,-1
10.62794/124.444077,-2
11.33877/124.552177,2
10.90374/125.019707,-1
11.33877/124.552177,1
10.90374/125.019707,-2
10.62223/125.149437,-1
15.42119/120.172684,0
11.33877/124.552177,2
17.529699/121.841339,-1
11.33877/124.552177,-1
10.62794/124.444077,-1
11.69361/124.831947,-2
7.91623/124.600487,-2
11.33877/124.552177,0
11.33877/124.552177,2
10.62223/125.149437,1
11.33877/124.552177,1
13.07567/124.134247,-1
11.33877/124.552177,-2
11.33877/124.552177,1
11.33877/124.552177,-2
11.33877/124.552177,-2
10.62794/124.444077,-1
11.33877/124.552177,2
11.33877/124.552177,-2
10.62223/125.149437,1
11.33877/124.552177,2
11.33877/124.552177,1
11.33877/124.552177,-2
11.33877/124.552177,0
11.33877/124.552177,-1
11.12167/125.335831,-2
11.12167/125.335831,-1
11.33877/124.552177,1
11.33877/124.552177,-1
11.33877/124.552177,1
10.9444/122.484444,0
9.5981/124.24334,0
10.62223/125.149437,0
11.33877/124.552177,-1
11.33877/124.552177,-1
12.09032/125.47921,-1
12.09032/125.47921,-1
11.12167/125.335831,-1
11.02292/119.291801,-2
11.12167/125.335831,-1
15.42119/120.172684,0
11.33877/124.552177,-1
11.33877/124.552177,-2
11.69361/124.831947,-1
11.02292/119.291801,-2
11.11/125.439079,-1
11.33877/124.552177,0
7.44716/126.557716,-2
11.33877/124.552177,-2
12.09032/125.47921,0
10.77604/125.957024,-2
10.06127/122.805679,0
11.33877/124.552177,-1
11.33877/124.552177,-2
10.9444/122.484444,-1
12.09032/125.47921,0
10.9444/122.484444,-1
10.9444/122.484444,-1
10.9444/122.484444,-1
11.69361/124.831947,0
10.77604/125.957024,-1
10.77604/125.957024,-2
9.5981/124.24334,-1
10.12683/123.68766,1
11.47454/124.518044,0
11.33877/124.552177,-2
10.62794/124.444077,0
9.96/125.61573,-1
10.77604/125.957024,-1
10.77604/125.957024,-1
11.33877/124.552177,2
10.77604/125.957024,-1
10.77604/125.957024,-1
10.77604/125.957024,-2
10.77604/125.957024,-1
15.42119/120.172684,1
13.07567/124.134247,-2
7.44716/126.557716,0
10.77604/125.957024,-1
11.69361/124.831947,-1
10.9444/122.484444,-1
10.9444/122.484444,-1
11.69361/124.831947,-1
10.77604/125.957024,-2
11.69361/124.831947,-1
9.96/125.61573,-1
11.33877/124.552177,-2
11.33877/124.552177,-2
11.33877/124.552177,-2
10.77604/125.957024,-1
11.09056/123.649437,-2
11.33877/124.552177,-2
11.33877/124.552177,0
11.47454/124.518044,0
9.96/125.61573,0
10.77604/125.957024,-2
10.77604/125.957024,-2
11.69361/124.831947,-1
9.96/125.61573,0
11.33877/124.552177,1
10.77604/125.957024,-2
11.69361/124.831947,1
10.77604/125.957024,0
10.77604/125.957024,-2
9.96/125.61573,-2
11.69361/124.831947,0
11.69361/124.831947,0
11.69361/124.831947,-2
9.96/125.61573,-2
10.77604/125.957024,-1
17.48101/120.482536,-1
17.48101/120.482536,-1
9.54399/125.6045,0
7.44716/126.557716,1
11.02292/119.291801,-2
9.96/125.61573,-2
9.96/125.61573,0
10.77604/125.957024,-1
10.77604/125.957024,-2
17.48101/120.482536,-1
9.96/125.61573,0
11.33877/124.552177,0
11.69361/124.831947,-1
10.77604/125.957024,-2
10.77604/125.957024,-2
10.99545/125.040108,-2
10.77604/125.957024,-2
10.99545/125.040108,-2
11.33877/124.552177,1
14.04749/120.801361,0
9.96/125.61573,0
11.69361/124.831947,-2
10.77604/125.957024,-2
14.82681/120.624443,-2
10.77604/125.957024,-2
10.77604/125.957024,-2
10.77604/125.957024,-2
11.201722/122.1762038,-2
13.0447071/123.6577761,1
14.4333272/120.9741053,-1
10.2594754/123.7647381,0
10.5470262/124.7434968,2
45.452256/73.687049,-1
14.542797/121.0518106,2
10.9533981/124.4758848,0
10.3360323/124.7224949,0
10.5470262/124.7434968,-1
11.5046982/124.3892082,-1
8.7765333/125.4480073,0
14.5893763/120.989705,-2
14.5893763/120.989705,-1
11.4899105/122.6771784,2
11.0695902/124.6700376,2
11.4899105/122.6771784,0
10.5470262/124.7434968,1
15.2383695/120.2311152,1
14.5018211/120.9786272,-1
10.3107867/123.9114563,0
10.3107867/123.9114563,0
10.2594754/123.7647381,-1
14.5674476/121.0167613,1
10.6789404/122.4979499,0
10.6789404/122.4979499,1
11.1474093/123.7565237,-1
13.2972454/121.8093115,0
11.184893193639939/124.99034691301765,-2
10.8629791/124.4028827,1
10.2594754/123.7647381,-1
10.5470262/124.7434968,0
11.7375585/124.6748915,1
10.2594754/123.7647381,0
15.4294156/120.8751937,1
11.1474093/123.7565237,0
15.4294156/120.8751937,-1
14.5893763/120.989705,1
10.3360323/124.7224949,-1
10.2594754/123.7647381,1
10.0316062/124.8968816,0
10.6789404/122.4979499,-1
11.1579655/124.6497584,-1
14.602916070089636/121.04537850958587,0
14.5893763/120.989705,2
14.5893763/120.989705,-1
10.5470262/124.7434968,0
11.1808072/124.8960325,0
14.5134816/120.9988804,0
15.1120056/120.4977942,2
10.3360323/124.7224949,-2
10.3360323/124.7224949,1
10.3360323/124.7224949,0
10.3360323/124.7224949,-1
10.3360323/124.7224949,2
10.2594754/123.7647381,0
14.542797/121.0518106,0
10.30787873/123.89399171,1
8.7765333/125.4480073,-1
11.7375585/124.6748915,-2
10.5470262/124.7434968,0
9.0404895/122.6140433,0
11.2028176/125.4296279,0
11.33877/124.552177,1
11.33877/124.552177,1
11.33877/124.552177,1
11.33877/124.552177,1
11.33877/124.552177,2
10.84919/122.650482,0
15.35778/120.739723,1
11.33877/124.552177,1
11.38738/123.036667,2
11.24989/122.579987,-2
10.84919/122.650482,1
11.24989/122.579987,2
11.33877/124.552177,-2
10.62794/124.444077,-1
10.62223/125.149437,-1
11.33877/124.552177,-1
11.33877/124.552177,-2
11.33877/124.552177,1
11.33877/124.552177,1
11.33877/124.552177,-2
10.37741/123.013786,1
9.84158/126.124962,2
11.33877/124.552177,1
14.71313/120.898407,-2
11.24989/122.579987,-1
11.24989/122.579987,-1
11.41976/123.131416,1
11.33877/124.552177,2
10.84919/122.650482,1
11.33877/124.552177,0
11.33877/124.552177,-2
11.33877/124.552177,0
11.33877/124.552177,0
11.24989/122.579987,-2
11.33877/124.552177,-1
11.33877/124.552177,0
11.33877/124.552177,2
11.33877/124.552177,2
11.33877/124.552177,2
14.635671/120.989517,1
14.635671/120.989517,1
9.84158/126.124962,-2
11.33877/124.552177,1
9.84158/126.124962,-2
11.33877/124.552177,-2
11.24989/122.579987,-2
11.33877/124.552177,-2
11.33877/124.552177,-1
11.24989/122.579987,-1
11.33877/124.552177,2
11.33877/124.552177,2
11.33877/124.552177,-1
11.24989/122.579987,-2
10.09141/119.241386,0
10.84919/122.650482,-2
10.62223/125.149437,-1
11.33877/124.552177,-2
10.62223/125.149437,1
11.33877/124.552177,0
11.33877/124.552177,-1
11.33877/124.552177,2
11.33877/124.552177,-1
11.33877/124.552177,0
11.33877/124.552177,0
10.62223/125.149437,1
9.84158/126.124962,1
14.69707/121.576851,1
10.37741/123.013786,0
10.37741/123.013786,0
11.24989/122.579987,-1
11.24989/122.579987,-1
11.24989/122.579987,-2
10.62794/124.444077,1
10.62223/125.149437,-1
10.62223/125.149437,-1
9.84158/126.124962,-1
11.24989/122.579987,-2
11.33877/124.552177,1
10.62223/125.149437,-1
10.62223/125.149437,-1
11.24989/122.579987,-1
11.24989/122.579987,-2
11.33877/124.552177,1
10.62223/125.149437,1
10.37741/123.013786,0
10.37741/123.013786,0
11.33877/124.552177,2
11.33877/124.552177,-1
11.33877/124.552177,-1
10.37741/123.013786,-1
10.37741/123.013786,-2
11.33877/124.552177,1
10.37741/123.013786,-1
11.33877/124.552177,0
11.33877/124.552177,-1
11.33877/124.552177,-1
11.33877/124.552177,-1
11.33877/124.552177,-1
11.33877/124.552177,0
11.33877/124.552177,0
11.33877/124.552177,1
11.33877/124.552177,-1
11.33877/124.552177,-1
11.33877/124.552177,-2
11.33877/124.552177,-2
11.33877/124.552177,-1
10.62223/125.149437,-1
11.33877/124.552177,-1
10.62223/125.149437,2
11.33877/124.552177,1
11.33877/124.552177,-2
11.33877/124.552177,-1
10.62223/125.149437,-1
11.33877/124.552177,0
11.33877/124.552177,-1
11.33877/124.552177,-1
11.24989/122.579987,1
11.24989/122.579987,1
11.24989/122.579987,1
10.09141/119.241386,-1
9.84158/126.124962,1
14.635671/120.989517,-1
11.33877/124.552177,1
11.33877/124.552177,1
11.33877/124.552177,-1
10.62223/125.149437,2
11.33877/124.552177,1
11.33877/124.552177,2
10.37741/123.013786,0
11.33877/124.552177,-1
11.33877/124.552177,2
11.33877/124.552177,-2
11.33877/124.552177,2
11.33877/124.552177,1
13.87362/122.396873,2
11.33877/124.552177,-2
10.62223/125.149437,1
11.33877/124.552177,-2
11.33877/124.552177,-2
11.477714/122.890266,2
10.84919/122.650482,2
11.33877/124.552177,-2
11.33877/124.552177,2
11.33877/124.552177,-1
11.33877/124.552177,-1
11.33877/124.552177,-2
11.33877/124.552177,-2
11.33877/124.552177,-2
11.33877/124.552177,-2
11.33877/124.552177,1
11.33877/124.552177,-2
11.33877/124.552177,-2
11.33877/124.552177,-1
11.33877/124.552177,1
11.33877/124.552177,1
11.33877/124.552177,2
10.84919/122.650482,1
11.33877/124.552177,2
11.48399/122.784111,0
11.33877/124.552177,2
11.33877/124.552177,2
11.33877/124.552177,1
11.48399/122.784111,0
11.33877/124.552177,1
10.62223/125.149437,1
10.62223/125.149437,1
11.33877/124.552177,2
11.33877/124.552177,1
11.33877/124.552177,1
10.62223/125.149437,0
11.33877/124.552177,-2
11.33877/124.552177,1
11.33877/124.552177,1
11.33877/124.552177,-2
9.84158/126.124962,2
10.77604/122.644096,2
14.635671/120.989517,-1
11.33877/124.552177,2
11.33877/124.552177,2
11.33877/124.552177,1
11.13913/123.10968,-1
14.69707/121.576851,-2
11.33877/124.552177,0
10.84919/122.650482,2
10.84919/122.650482,1
11.33877/124.552177,-1
10.84919/122.650482,2
11.33877/124.552177,2
11.24989/122.579987,1
11.33877/124.552177,2
14.69707/121.576851,-2
11.33877/124.552177,1
11.24989/122.579987,2
11.33877/124.552177,2
11.33877/124.552177,-1
11.33877/124.552177,1
10.62223/125.149437,2
11.33877/124.552177,2
11.33877/124.552177,1
11.33877/124.552177,1
10.62223/125.149437,-2
10.79067/123.944832,-2
11.33877/124.552177,1
11.33877/124.552177,2
10.62223/125.149437,1
14.635671/120.989517,-1
11.477714/122.890266,2
11.48514/122.728973,1
11.33877/124.552177,1
10.62223/125.149437,-2
10.62223/125.149437,-2
11.33877/124.552177,1
9.84158/126.124962,2
11.33877/124.552177,1
10.77604/122.644096,2
11.33877/124.552177,-2
11.33877/124.552177,2
11.33877/124.552177,-1
11.33877/124.552177,0
10.62223/125.149437,-1
11.33877/124.552177,2
11.33877/124.552177,-2
10.62223/125.149437,2
11.33877/124.552177,2
11.33877/124.552177,-2
10.84919/122.650482,-2
11.33877/124.552177,1
11.33877/124.552177,2
10.84919/122.650482,2
10.62223/125.149437,2
11.33877/124.552177,1
11.33877/124.552177,-2
10.84919/122.650482,2
11.33877/124.552177,1
11.477714/122.890266,2
11.33877/124.552177,1
15.83228/120.573029,0
15.83228/120.573029,0
11.33877/124.552177,-2
11.33877/124.552177,0
11.33877/124.552177,1
11.33877/124.552177,1
11.33877/124.552177,-2
11.33877/124.552177,0
11.477714/122.890266,-1
11.33877/124.552177,1
11.33877/124.552177,1
10.84919/122.650482,2
11.24989/122.579987,-2
10.62223/125.149437,-1
11.33877/124.552177,2
11.33877/124.552177,2
10.62223/125.149437,1
10.62223/125.149437,-1
11.33877/124.552177,-1
11.13913/123.10968,2
11.33877/124.552177,2
11.33877/124.552177,2
11.33877/124.552177,2
10.62223/125.149437,-2
10.84919/122.650482,-2
11.33877/124.552177,-1
10.84919/122.650482,2
10.62223/125.149437,0
11.33877/124.552177,2
11.33877/124.552177,0
11.33877/124.552177,1
11.33877/124.552177,2
11.33877/124.552177,1
11.33877/124.552177,0
10.62223/125.149437,0
11.24989/122.579987,2
10.09141/119.241386,-1
11.33877/124.552177,1
11.33877/124.552177,1
11.33877/124.552177,0
9.84158/126.124962,1
10.09141/119.241386,-2
10.09141/119.241386,0
9.84158/126.124962,-2
11.33877/124.552177,-2
11.33877/124.552177,1
11.33877/124.552177,1
11.33877/124.552177,1
10.84919/122.650482,1
11.33877/124.552177,0
11.33877/124.552177,2
11.24989/122.579987,-1
9.84158/126.124962,-2
11.33877/124.552177,1
11.33877/124.552177,1
10.09141/119.241386,0
11.33877/124.552177,1
9.84158/126.124962,2
9.84158/126.124962,2
9.84158/126.124962,1
11.48399/122.784111,2
11.33877/124.552177,-1
10.09141/119.241386,-2
10.62223/125.149437,2
11.33877/124.552177,1
11.24989/122.579987,-1
11.38738/123.036667,-1
10.62223/125.149437,2
11.33877/124.552177,-1
11.33877/124.552177,2
11.33877/124.552177,2
14.69707/121.576851,1
11.33877/124.552177,2
11.33877/124.552177,1
10.84919/122.650482,2
11.33877/124.552177,-1
11.33877/124.552177,2
10.62223/125.149437,2
11.33877/124.552177,1
14.635671/120.989517,-1
11.33877/124.552177,2
11.33877/124.552177,-2
11.33877/124.552177,2
10.62223/125.149437,1
10.84919/122.650482,1
11.24989/122.579987,0
11.33877/124.552177,-1
11.48399/122.784111,-2
11.33877/124.552177,1
11.33877/124.552177,2
11.33877/124.552177,-2
11.33877/124.552177,2
11.24989/122.579987,1
11.41976/123.131416,1
11.33877/124.552177,1
11.33877/124.552177,2
11.33877/124.552177,-2
9.84158/126.124962,0
10.62223/125.149437,-2
11.33877/124.552177,2
11.33877/124.552177,1
10.37741/123.013786,2
11.33877/124.552177,1
11.33877/124.552177,0
11.33877/124.552177,-2
11.33877/124.552177,-2
11.33877/124.552177,2
11.33877/124.552177,-2
11.1485/122.587822,1
11.33877/124.552177,-2
11.33877/124.552177,2
11.33877/124.552177,2
11.24989/122.579987,2
11.33877/124.552177,1
11.33877/124.552177,0
11.33877/124.552177,2
10.0325/126.071388,2
11.33877/124.552177,0
11.33877/124.552177,2
11.33877/124.552177,-2
10.62223/125.149437,-2
11.33877/124.552177,0
11.41976/123.131416,2
10.84919/122.650482,2
11.33877/124.552177,2
10.84919/122.650482,2
10.84919/122.650482,-2
11.33877/124.552177,-2
11.33877/124.552177,1
11.33877/124.552177,1
11.24989/122.579987,1
11.33877/124.552177,1
10.62223/125.149437,1
11.33877/124.552177,2
10.09141/119.241386,0
11.33877/124.552177,0
10.62223/125.149437,2
10.62223/125.149437,1
11.33877/124.552177,-2
11.33877/124.552177,-1
10.35489/124.894531,-1
11.33877/124.552177,2
11.33877/124.552177,-1
11.33877/124.552177,1
11.33877/124.552177,2
11.33877/124.552177,0
11.33877/124.552177,2
11.33877/124.552177,0
11.33877/124.552177,-1
11.24989/122.579987,-2
11.24989/122.579987,0
11.33877/124.552177,-1
9.84158/126.124962,-1
11.33877/124.552177,-2
11.33877/124.552177,2
11.33877/124.552177,2
14.635671/120.989517,0
11.49771/123.120338,1
11.1485/122.587822,1
10.37741/123.013786,2
10.62223/125.149437,-1
10.84919/122.650482,1
10.62223/125.149437,-1
11.07625/122.735077,0
11.48399/122.784111,2
10.09141/119.241386,-2
11.33877/124.552177,2
10.84919/122.650482,2
11.33877/124.552177,2
11.33877/124.552177,2
11.33877/124.552177,1
11.33877/124.552177,2
10.84919/122.650482,1
11.33877/124.552177,2
11.33877/124.552177,2
11.13314/122.242104,1
11.33877/124.552177,1
11.13314/122.242104,1
10.84919/122.650482,-2
14.635671/120.989517,2
11.33877/124.552177,-1
11.33877/124.552177,1
11.24989/122.579987,-1
11.33877/124.552177,2
10.62794/124.444077,1
11.33877/124.552177,2
11.33877/124.552177,2
11.33877/124.552177,-2
11.33877/124.552177,2
11.33877/124.552177,2
13.55446/124.149101,-1
11.33877/124.552177,0
11.13314/122.242104,1
11.47454/124.518044,-1
10.84919/122.650482,1
11.08335/124.747963,2
11.48514/122.728973,-1
11.477714/122.890266,-2
10.84919/122.650482,-2
10.84919/122.650482,-2
10.84919/122.650482,1
11.33877/124.552177,2
11.33877/124.552177,2
11.33877/124.552177,1
10.84919/122.650482,2
11.3446/122.752563,1
11.33877/124.552177,2
11.38738/123.036667,0
11.3446/122.752563,-1
11.33877/124.552177,1
10.62223/125.149437,-1
11.48514/122.728973,2
11.33877/124.552177,2
11.33877/124.552177,2
11.33877/124.552177,1
11.69361/124.831947,-2
8.51249/124.411812,-1
10.62794/124.444077,-2
11.33877/124.552177,2
10.84919/122.650482,-2
11.24989/122.579987,1
6.04395/121.001663,-1
11.33877/124.552177,1
11.33877/124.552177,-1
11.33877/124.552177,0
11.33877/124.552177,1
11.33877/124.552177,2
14.69707/121.576851,-2
14.69707/121.576851,-2
11.33877/124.552177,-2
11.33877/124.552177,1
11.33877/124.552177,2
11.48514/122.728973,1
10.62223/125.149437,-2
11.24989/122.579987,2
10.62223/125.149437,2
10.62223/125.149437,1
11.33877/124.552177,-1
11.33877/124.552177,-1
11.33877/124.552177,-1
11.33877/124.552177,-1
11.33877/124.552177,-1
11.33877/124.552177,-1
11.33877/124.552177,-1
11.3446/122.752563,0
11.24989/122.579987,1
11.24989/122.579987,0
11.3446/122.752563,-2
10.79067/123.944832,-2
11.13314/122.242104,-1
11.24989/122.579987,-2
11.33877/124.552177,-1
11.33877/124.552177,0
10.0325/126.071388,-2
11.33877/124.552177,-1
11.33877/124.552177,-1
12.62532/122.284721,-2
11.3446/122.752563,1
11.33877/124.552177,2
11.33877/124.552177,0
11.07625/122.735077,0
11.33877/124.552177,2
10.62223/125.149437,1
11.33877/124.552177,-2
10.9444/122.484444,0
11.33877/124.552177,2
11.33877/124.552177,2
11.33877/124.552177,2
11.33877/124.552177,1
11.24989/122.579987,0
11.33877/124.552177,-2
11.33877/124.552177,1
11.33877/124.552177,-2
9.84158/126.124962,-1
11.33877/124.552177,0
14.061156/122.067551,-1
11.07625/122.735077,1
11.48399/122.784111,0
11.33877/124.552177,1
11.24989/122.579987,1
10.62223/125.149437,-2
11.33877/124.552177,-1
11.33877/124.552177,-2
11.33877/124.552177,1
11.33877/124.552177,1
11.33877/124.552177,1
11.33877/124.552177,1
11.33877/124.552177,2
10.09141/119.241386,1
11.33877/124.552177,-2
10.62794/124.444077,2
15.42119/120.172684,2
11.33877/124.552177,1
11.33877/124.552177,2
11.24989/122.579987,1
11.24989/122.579987,1
11.33877/124.552177,1
11.3446/122.752563,2
11.33877/124.552177,1
11.24989/122.579987,0
11.33877/124.552177,0
11.33877/124.552177,2
11.26843/122.888893,2
11.24989/122.579987,0
11.33877/124.552177,1
11.33877/124.552177,1
17.560419/120.489349,2
11.33877/124.552177,1
11.33877/124.552177,2
11.33877/124.552177,1
11.33877/124.552177,1
11.24989/122.579987,1
10.09141/119.241386,0
11.33877/124.552177,1
11.24989/122.579987,1
11.33877/124.552177,2
10.62223/125.149437,2
11.33877/124.552177,-2
11.33877/124.552177,1
10.62223/125.149437,-1
11.33877/124.552177,1
11.33877/124.552177,1
11.33877/124.552177,1
11.33877/124.552177,1
11.33877/124.552177,2
11.33877/124.552177,1
11.33877/124.552177,0
11.33877/124.552177,0
11.33877/124.552177,1
11.33877/124.552177,-2
11.477714/122.890266,0
11.33877/124.552177,2
11.33877/124.552177,2
11.33877/124.552177,0
11.33877/124.552177,-2
11.13913/123.10968,0
11.33877/124.552177,0
11.24989/122.579987,0
11.33877/124.552177,1
11.33877/124.552177,1
11.33877/124.552177,0
11.33877/124.552177,1
11.33877/124.552177,2
9.84158/126.124962,2
9.84158/126.124962,-1
11.69361/124.831947,-2
11.33877/124.552177,0
11.33877/124.552177,2
11.33877/124.552177,-2
11.33877/124.552177,-1
14.635671/120.989517,1
9.84158/126.124962,0
11.33877/124.552177,0
11.33877/124.552177,-1
11.33877/124.552177,0
14.54581/121.2052,2
11.33877/124.552177,1
11.33877/124.552177,1
11.33877/124.552177,1
11.33877/124.552177,1
11.33877/124.552177,1
10.62223/125.149437,2
10.77604/125.957024,0
11.33877/124.552177,1
11.33877/124.552177,2
11.33877/124.552177,1
11.33877/124.552177,0
11.33877/124.552177,1
11.33877/124.552177,1
11.33877/124.552177,-1
11.33877/124.552177,-1
11.33877/124.552177,-1
11.33877/124.552177,2
11.33877/124.552177,1
11.69361/124.831947,2
18.004311/120.772751,1
10.62223/125.149437,0
11.33877/124.552177,-1
10.62223/125.149437,-2
11.33877/124.552177,1
10.62794/124.444077,1
11.24989/122.579987,-2
11.24989/122.579987,-2
11.33877/124.552177,-1
11.69361/124.831947,0
11.33877/124.552177,2
11.33877/124.552177,-2
11.33877/124.552177,-1
14.69707/121.576851,1
11.33877/124.552177,1
11.24989/122.579987,1
11.33877/124.552177,-2
10.62223/125.149437,1
11.33877/124.552177,1
11.33877/124.552177,1
11.33877/124.552177,2
11.33877/124.552177,2
11.33877/124.552177,2
11.38738/123.036667,2
11.33877/124.552177,-1
11.33877/124.552177,1
11.24989/122.579987,1
11.24989/122.579987,0
11.33877/124.552177,2
11.33877/124.552177,1
11.33877/124.552177,2
11.33877/124.552177,-1
11.33877/124.552177,1
11.33877/124.552177,1
11.24989/122.579987,2
11.33877/124.552177,-1
11.33877/124.552177,1
11.33877/124.552177,-1
11.33877/124.552177,1
11.33877/124.552177,2
10.62223/125.149437,-1
11.33877/124.552177,-1
9.84158/126.124962,2
11.33877/124.552177,2
11.24989/122.579987,2
11.33877/124.552177,0
11.33877/124.552177,2
11.33877/124.552177,0
11.33877/124.552177,-1
11.33877/124.552177,0
11.33877/124.552177,2
11.33877/124.552177,0
11.33877/124.552177,1
11.33877/124.552177,-2
11.33877/124.552177,0
11.33877/124.552177,2
11.33877/124.552177,-2
11.33877/124.552177,1
11.33877/124.552177,2
11.33877/124.552177,-2
11.477714/122.890266,-1
11.24989/122.579987,1
11.24989/122.579987,2
11.33877/124.552177,0
11.33877/124.552177,-1
11.24989/122.579987,2
11.33877/124.552177,1
11.33877/124.552177,1
11.33877/124.552177,-2
11.33877/124.552177,0
11.24989/122.579987,2
11.33877/124.552177,2
11.33877/124.552177,-1
11.33877/124.552177,2
11.33877/124.552177,2
11.33877/124.552177,2
11.33877/124.552177,0
11.477714/122.890266,2
11.33877/124.552177,0
11.33877/124.552177,-1
11.33877/124.552177,2
10.84919/122.650482,0
11.33877/124.552177,2
11.33877/124.552177,-2
11.33877/124.552177,2
14.635671/120.989517,2
11.33877/124.552177,2
14.24634/120.899887,2
11.33877/124.552177,1
11.24989/122.579987,2
11.33877/124.552177,2
11.33877/124.552177,1
10.84919/122.650482,1
11.33877/124.552177,1
11.33877/124.552177,1
11.33877/124.552177,1
11.33877/124.552177,1
10.84919/122.650482,1
11.33877/124.552177,0
14.69707/121.576851,0
11.33877/124.552177,-2
10.84919/122.650482,2
11.33877/124.552177,-2
11.33877/124.552177,2
11.33877/124.552177,1
10.62223/125.149437,2
11.13913/123.10968,1
10.62223/125.149437,-1
9.84158/126.124962,-2
11.24989/122.579987,1
11.33877/124.552177,1
11.33877/124.552177,1
11.33877/124.552177,1
11.24989/122.579987,2
11.33877/124.552177,2
11.33877/124.552177,-1
11.33877/124.552177,2
11.33877/124.552177,0
11.33877/124.552177,2
11.24989/122.579987,2
11.33877/124.552177,2
10.62223/125.149437,1
11.33877/124.552177,2
11.33877/124.552177,-1
11.33877/124.552177,-2
11.33877/124.552177,1
11.477714/122.890266,2
11.33877/124.552177,2
11.33877/124.552177,1
9.84158/126.124962,1
11.33877/124.552177,-1
11.33877/124.552177,2
14.69707/121.576851,2
11.24989/122.579987,-1
11.24989/122.579987,1
11.09532/122.578743,2
11.26843/122.888893,1
11.24989/122.579987,0
10.84919/122.650482,2
11.24989/122.579987,1
11.24989/122.579987,1
11.24989/122.579987,2
11.33877/124.552177,2
11.24989/122.579987,1
10.62223/125.149437,2
11.33877/124.552177,-2
11.33877/124.552177,1
11.24989/122.579987,2
11.33877/124.552177,-2
11.33877/124.552177,2
10.77604/125.957024,-2
11.33877/124.552177,2
10.62223/125.149437,2
11.33877/124.552177,-2
11.33877/124.552177,-1
14.635671/120.989517,-1
11.07625/122.735077,1
10.35489/124.894531,1
11.33877/124.552177,2
11.24989/122.579987,1
11.33877/124.552177,-2
11.33877/124.552177,1
11.33877/124.552177,2
10.62223/125.149437,1
11.24989/122.579987,1
11.33877/124.552177,2
11.33877/124.552177,2
11.24989/122.579987,1
11.33877/124.552177,1
11.33877/124.552177,2
11.33877/124.552177,2
11.48399/122.784111,-2
11.33877/124.552177,2
11.33877/124.552177,2
11.33877/124.552177,1
11.24989/122.579987,1
11.24989/122.579987,2
11.33877/124.552177,1
11.33877/124.552177,-1
11.33877/124.552177,-2
11.33877/124.552177,2
11.33877/124.552177,2
11.33877/124.552177,-1
11.33877/124.552177,-2
11.33877/124.552177,2
11.33877/124.552177,1
11.477714/122.890266,1
11.33877/124.552177,2
11.33877/124.552177,2
11.33877/124.552177,2
11.33877/124.552177,1
11.33877/124.552177,2
11.33877/124.552177,2
10.62223/125.149437,0
11.33877/124.552177,2
11.33877/124.552177,2
11.33877/124.552177,-2
11.33877/124.552177,1
11.33877/124.552177,-1
11.33877/124.552177,-1
10.62223/125.149437,-2
11.33877/124.552177,1
11.33877/124.552177,2
11.33877/124.552177,-1
11.33877/124.552177,-1
13.87362/122.396873,-2
15.42119/120.172684,-2
11.33877/124.552177,2
11.33877/124.552177,2
11.33877/124.552177,1
11.24989/122.579987,2
11.26843/122.888893,2
11.33877/124.552177,1
10.62223/125.149437,-2
11.33877/124.552177,1
11.33877/124.552177,2
11.24989/122.579987,2
11.33877/124.552177,1
11.09735/124.945137,0
11.477714/122.890266,-1
11.24989/122.579987,2
11.33877/124.552177,2
11.33877/124.552177,2
11.26843/122.888893,1
10.31048/124.897324,1
10.84919/122.650482,2
11.33877/124.552177,-2
10.84919/122.650482,1
11.33877/124.552177,1
11.33877/124.552177,1
11.36809/125.608093,-2
11.33877/124.552177,1
11.33877/124.552177,2
11.33877/124.552177,-1
11.33877/124.552177,-2
11.33877/124.552177,-2
11.33877/124.552177,2
11.33877/124.552177,-1
11.33877/124.552177,1
11.33877/124.552177,2
10.62223/125.149437,1
11.33877/124.552177,1
11.33877/124.552177,2
11.33877/124.552177,2
11.33877/124.552177,2
10.62223/125.149437,1
11.47454/124.518044,2
11.33877/124.552177,2
11.33877/124.552177,2
11.33877/124.552177,0
11.1829/125.568336,-1
10.84919/122.650482,2
12.52548/124.447601,0
11.33877/124.552177,1
10.62223/125.149437,2
11.33877/124.552177,0
11.33877/124.552177,0
11.33877/124.552177,1
10.84919/122.650482,2
11.48409/125.513611,2
11.1829/125.568336,-1
11.33877/124.552177,-2
11.33877/124.552177,-1
11.69361/124.831947,0
11.33877/124.552177,1
11.33877/124.552177,0
11.33877/124.552177,-1
10.62223/125.149437,0
11.33877/124.552177,-1
11.33877/124.552177,2
11.33877/124.552177,1
11.33877/124.552177,-2
11.48399/122.784111,0
18.51512/120.969437,2
10.62223/125.149437,1
11.24989/122.579987,-1
11.33877/124.552177,-2
11.33877/124.552177,1
10.62223/125.149437,2
11.33877/124.552177,2
11.33877/124.552177,2
11.33877/124.552177,-2
10.62223/125.149437,2
14.69707/121.576851,2
11.33877/124.552177,2
11.33877/124.552177,-2
11.1829/125.568336,-1
11.33877/124.552177,2
11.1829/125.568336,-1
10.84919/122.650482,1
11.24989/122.579987,-1
11.33877/124.552177,-1
11.1829/125.568336,0
14.69707/121.576851,2
11.33877/124.552177,1
11.33877/124.552177,-2
11.33877/124.552177,-2
10.84919/122.650482,2
11.33877/124.552177,0
11.33877/124.552177,2
11.33877/124.552177,1
10.84919/122.650482,2
11.33877/124.552177,-1
11.33877/124.552177,1
11.24989/122.579987,1
11.24989/122.579987,2
10.84919/122.650482,2
11.33877/124.552177,2
10.62223/125.149437,2
11.33877/124.552177,0
10.62223/125.149437,1
11.33877/124.552177,2
11.33877/124.552177,2
11.33877/124.552177,2
11.33877/124.552177,2
11.33877/124.552177,2
11.33877/124.552177,0
6.00611/120.90107,2
10.62223/125.149437,-2
10.62223/125.149437,-2
11.33877/124.552177,2
11.33877/124.552177,2
9.84158/126.124962,1
9.84158/126.124962,-1
10.62223/125.149437,1
11.33877/124.552177,1
11.33877/124.552177,0
11.33877/124.552177,2
11.33877/124.552177,2
10.62223/125.149437,2
10.62223/125.149437,1
10.84919/122.650482,2
11.33877/124.552177,2
11.33877/124.552177,1
11.24989/122.579987,0
11.08335/124.747963,2
10.62223/125.149437,2
10.84919/122.650482,2
11.33877/124.552177,1
11.69361/124.831947,-2
11.36809/125.608093,-2
11.36809/125.608093,-2
11.24989/122.579987,1
10.84919/122.650482,-1
11.33877/124.552177,0
11.33877/124.552177,2
11.33877/124.552177,-2
10.84919/122.650482,2
11.33877/124.552177,2
11.33877/124.552177,1
11.33877/124.552177,-1
11.13913/123.10968,-2
11.13913/123.10968,-2
11.33877/124.552177,2
11.33877/124.552177,2
11.33877/124.552177,-1
11.33877/124.552177,-2
11.69361/124.831947,0
10.84919/122.650482,2
10.62794/124.444077,2
11.24989/122.579987,1
10.09141/119.241386,1
11.24989/122.579987,2
9.84158/126.124962,2
10.09141/119.241386,2
9.84158/126.124962,2
10.84919/122.650482,-2
11.36809/125.608093,1
9.84158/126.124962,2
9.84158/126.124962,0
11.33877/124.552177,1
14.635671/120.989517,-1
11.36809/125.608093,1
11.33877/124.552177,-1
9.84158/126.124962,2
17.560419/120.489349,-1
9.84158/126.124962,2
11.36809/125.608093,-2
9.96/125.61573,2
11.47454/124.518044,2
11.36809/125.608093,-2
11.12167/125.335831,-1
11.33877/124.552177,1
9.84158/126.124962,-2
11.33877/124.552177,1
11.33877/124.552177,1
11.36809/125.608093,0
11.33877/124.552177,-2
11.36809/125.608093,-2
11.24989/122.579987,2
14.19095/122.935539,0
9.84158/126.124962,2
11.33877/124.552177,2
9.84158/126.124962,2
11.33877/124.552177,2
11.48365/122.531723,0
11.33877/124.552177,1
9.84158/126.124962,0
11.24989/122.579987,0
10.84919/122.650482,1
10.62794/124.444077,1
11.24989/122.579987,1
10.62794/124.444077,1
9.84158/126.124962,2
11.26843/122.888893,2
11.08335/124.747963,2
14.71313/120.898407,1
11.33877/124.552177,2
11.1406/122.238876,1
10.09141/119.241386,0
11.33877/124.552177,1
10.62794/124.444077,-1
9.84158/126.124962,2
10.81631/122.199966,0
10.84919/122.650482,1
10.09141/119.241386,0
11.24989/122.579987,2
13.43093/123.703033,-2
11.33877/124.552177,-2
10.84919/122.650482,1
7.44716/126.557716,-1
11.33877/124.552177,2
13.7642/122.512817,1
11.33877/124.552177,0
11.33877/124.552177,1
14.69707/121.576851,-1
11.33877/124.552177,0
11.33877/124.552177,1
11.13913/123.10968,2
11.24989/122.579987,1
11.33877/124.552177,2
11.36809/125.608093,-2
11.47454/124.518044,0
11.33877/124.552177,2
11.13913/123.10968,1
11.33877/124.552177,-1
11.33877/124.552177,-2
11.33877/124.552177,1
11.33877/124.552177,1
10.84919/122.650482,2
11.33877/124.552177,2
11.33877/124.552177,0
13.87362/122.396873,2
11.33877/124.552177,1
11.33877/124.552177,0
11.33877/124.552177,-1
11.33877/124.552177,2
11.26843/122.888893,1
11.36809/125.608093,-2
11.11/125.439079,-2
11.11755/125.253067,-2
10.84919/122.650482,0
10.35489/124.894531,2
11.24989/122.579987,2
11.24989/122.579987,-2
11.38738/123.036667,-1
11.26843/122.888893,2
11.33877/124.552177,2
11.33877/124.552177,2
10.84919/122.650482,1
11.33877/124.552177,-2
11.33877/124.552177,-2
11.36809/125.608093,0
11.33877/124.552177,2
11.33877/124.552177,0
11.33877/124.552177,1
12.62532/122.284721,0
11.36809/125.608093,-2
11.33877/124.552177,1
11.33877/124.552177,-1
10.62794/124.444077,2
11.33877/124.552177,2
11.33877/124.552177,2
15.42119/120.172684,-1
17.560419/120.489349,-1
11.36809/125.608093,-2
10.06127/122.805679,-1
11.36809/125.608093,-2
11.36809/125.608093,-2
11.33877/124.552177,1
11.33877/124.552177,1
11.07625/122.735077,0
11.33877/124.552177,2
11.33877/124.552177,1
11.24989/122.579987,2
11.36809/125.608093,1
11.33877/124.552177,1
11.33877/124.552177,2
10.77604/125.957024,-2
11.33877/124.552177,1
11.33877/124.552177,2
11.33877/124.552177,-1
11.33877/124.552177,2
10.62794/124.444077,1
10.62794/124.444077,2
11.33877/124.552177,0
11.33877/124.552177,0
11.24989/122.579987,0
11.33877/124.552177,2
11.33877/124.552177,1
10.62794/124.444077,1
11.33877/124.552177,0
11.24989/122.579987,2
11.33877/124.552177,2
11.33877/124.552177,2
10.84919/122.650482,1
11.33877/124.552177,-1
11.33877/124.552177,1
10.62223/125.149437,2
10.84919/122.650482,1
11.33877/124.552177,1
10.62223/125.149437,1
11.13913/123.10968,2
11.33877/124.552177,-1
11.33877/124.552177,0
10.84919/122.650482,1
11.48514/122.728973,2
10.37741/123.013786,0
11.33877/124.552177,-1
11.33877/124.552177,1
11.33877/124.552177,1
10.84919/122.650482,1
10.62794/124.444077,2
11.33877/124.552177,2
7.44716/126.557716,-1
10.99136/122.851578,-1
10.84919/122.650482,0
11.33877/124.552177,2
11.33877/124.552177,-1
10.84919/122.650482,1
11.33877/124.552177,-1
11.11/125.439079,-2
11.24989/122.579987,1
11.33877/124.552177,1
11.33877/124.552177,-1
10.84919/122.650482,2
11.33877/124.552177,1
11.33877/124.552177,1
11.33877/124.552177,1
11.33877/124.552177,2
11.33877/124.552177,1
11.11/125.439079,-2
11.33877/124.552177,1
11.33877/124.552177,-2
11.33877/124.552177,1
11.33877/124.552177,1
11.33877/124.552177,1
11.33877/124.552177,1
11.33877/124.552177,1
11.33877/124.552177,1
10.0325/126.071388,1
11.33877/124.552177,1
11.33877/124.552177,-1
11.11/125.439079,-2
11.33877/124.552177,1
11.33877/124.552177,1
11.33877/124.552177,1
11.24989/122.579987,2
11.33877/124.552177,1
11.24989/122.579987,1
11.33877/124.552177,1
11.24989/122.579987,2
11.11/125.439079,-2
11.11/125.439079,-2
11.33877/124.552177,1
10.0325/126.071388,2
11.33877/124.552177,-1
11.13913/123.10968,0
11.33877/124.552177,1
11.24989/122.579987,2
11.24989/122.579987,1
11.33877/124.552177,1
11.33877/124.552177,1
11.33877/124.552177,1
17.560419/120.489349,-1
11.7579/122.283447,2
11.33877/124.552177,1
11.33877/124.552177,1
11.33877/124.552177,1
11.24989/122.579987,1
11.33877/124.552177,-1
11.33877/124.552177,1
11.33877/124.552177,1
11.33877/124.552177,1
11.33877/124.552177,1
11.33877/124.552177,1
11.33877/124.552177,1
11.33877/124.552177,1
11.33877/124.552177,-1
11.33877/124.552177,1
11.11/125.439079,-2
11.33877/124.552177,1
11.24989/122.579987,0
11.33877/124.552177,1
11.33877/124.552177,1
11.33877/124.552177,1
11.33877/124.552177,1
11.11/125.439079,-2
11.33877/124.552177,0
11.33877/124.552177,1
11.33877/124.552177,2
11.33877/124.552177,1
11.33877/124.552177,2
11.31033/122.663757,2
11.11/125.439079,-2
11.33877/124.552177,1
10.84919/122.650482,1
11.33877/124.552177,1
11.33877/124.552177,1
11.33877/124.552177,2
11.33877/124.552177,1
11.33877/124.552177,1
11.33877/124.552177,1
11.33877/124.552177,1
11.33877/124.552177,1
11.33877/124.552177,2
11.33877/124.552177,1
11.33877/124.552177,1
11.33877/124.552177,1
11.33877/124.552177,1
11.33877/124.552177,1
11.33877/124.552177,1
11.33877/124.552177,1
11.33877/124.552177,1
11.33877/124.552177,1
11.33877/124.552177,1
11.33877/124.552177,1
11.33877/124.552177,2
15.35778/120.739723,-1
11.33877/124.552177,1
11.33877/124.552177,1
8.62128/123.554611,-2
11.33877/124.552177,1
11.33877/124.552177,1
11.33877/124.552177,1
11.33877/124.552177,1
11.33877/124.552177,1
11.33877/124.552177,1
11.33877/124.552177,1
11.24989/122.579987,2
11.33877/124.552177,1
11.24989/122.579987,2
11.33877/124.552177,1
11.33877/124.552177,1
11.33877/124.552177,1
11.33877/124.552177,1
11.33877/124.552177,1
11.33877/124.552177,2
10.62794/124.444077,-1
11.33877/124.552177,1
11.33877/124.552177,1
10.77604/125.957024,0
11.33877/124.552177,1
11.33877/124.552177,1
11.33877/124.552177,1
11.33877/124.552177,1
11.33877/124.552177,1
11.33877/124.552177,1
11.33877/124.552177,1
11.33877/124.552177,1
11.33877/124.552177,2
11.33877/124.552177,1
11.33877/124.552177,1
11.33877/124.552177,1
11.47454/124.518044,0
11.11/125.439079,1
11.33877/124.552177,1
11.33877/124.552177,1
11.33877/124.552177,1
11.33877/124.552177,2
11.33877/124.552177,1
11.33877/124.552177,1
11.33877/124.552177,1
11.33877/124.552177,1
10.84919/122.650482,1
11.33877/124.552177,1
11.33877/124.552177,2
11.24989/122.579987,2
11.33877/124.552177,1
11.33877/124.552177,1
11.33877/124.552177,1
10.84919/122.650482,-1
11.33877/124.552177,2
11.33877/124.552177,1
11.33877/124.552177,1
11.26843/122.888893,1
10.84919/122.650482,-2
12.16083/119.874733,-2
10.84919/122.650482,-2
11.24989/122.579987,1
10.84919/122.650482,-2
11.33877/124.552177,0
10.84919/122.650482,-2
14.69707/121.576851,-1
10.84919/122.650482,2
11.33877/124.552177,-1
11.3446/122.752563,1
12.16083/119.874733,-2
11.33877/124.552177,2
10.84919/122.650482,-2
11.86915/125.434448,0
11.33877/124.552177,2
11.33877/124.552177,2
11.33877/124.552177,2
11.33877/124.552177,2
10.77604/125.957024,-2
11.33877/124.552177,-1
11.24989/122.579987,2
10.84919/122.650482,-1
11.477714/122.890266,2
11.33877/124.552177,2
11.33877/124.552177,2
11.33877/124.552177,2
11.33877/124.552177,0
11.33877/124.552177,1
11.33877/124.552177,2
11.33877/124.552177,-2
11.33877/124.552177,2
11.33877/124.552177,2
11.33877/124.552177,-2
10.62223/125.149437,1
11.3446/122.752563,0
11.33877/124.552177,-2
11.26843/122.888893,0
11.33877/124.552177,-1
10.84919/122.650482,1
11.13314/122.242104,0
11.33877/124.552177,-2
10.84919/122.650482,-2
10.62794/124.444077,-1
11.33877/124.552177,2
11.33877/124.552177,-1
11.33877/124.552177,2
10.62223/125.149437,1
11.33877/124.552177,-2
11.33877/124.552177,2
11.26843/122.888893,0
11.33877/124.552177,2
11.33877/124.552177,-2
11.33877/124.552177,1
11.24989/122.579987,-2
10.9444/122.484444,2
11.33877/124.552177,-1
11.24989/122.579987,-1
14.69707/121.576851,-2
11.33877/124.552177,1
10.62223/125.149437,0
11.11755/125.253067,-1
11.13913/123.10968,-1
11.33877/124.552177,1
11.33877/124.552177,2
11.33877/124.552177,2
11.69361/124.831947,-2
11.11755/125.253067,-2
11.33877/124.552177,-2
11.33877/124.552177,-2
11.33877/124.552177,2
10.84919/122.650482,1
10.84919/122.650482,0
10.37741/123.013786,1
11.26843/122.888893,2
11.33877/124.552177,2
12.62532/122.284721,-2
11.24989/122.579987,2
11.33877/124.552177,2
11.24989/122.579987,-2
11.33877/124.552177,-2
11.33877/124.552177,-1
11.33877/124.552177,2
11.24989/122.579987,-1
11.477714/122.890266,-1
11.11755/125.253067,-2
10.62794/124.444077,2
11.33877/124.552177,2
11.33877/124.552177,-2
11.33877/124.552177,2
10.77604/125.957024,0
10.84919/122.650482,2
11.47454/124.518044,0
11.33877/124.552177,2
11.11755/125.253067,-2
11.13913/123.10968,2
11.33877/124.552177,-2
11.26843/122.888893,-1
11.33877/124.552177,-1
11.11755/125.253067,-2
11.33877/124.552177,1
10.62223/125.149437,0
11.11755/125.253067,-2
11.11755/125.253067,-2
10.62223/125.149437,1
11.33877/124.552177,1
11.11755/125.253067,-2
11.33877/124.552177,-2
11.11755/125.253067,-2
10.84919/122.650482,0
11.33877/124.552177,1
11.33877/124.552177,-2
11.33877/124.552177,2
11.33877/124.552177,-1
11.11755/125.253067,-2
11.11755/125.253067,-2
14.69707/121.576851,-2
11.24989/122.579987,1
9.5981/124.24334,-2
11.11755/125.253067,-2
10.62223/125.149437,0
14.061156/122.067551,-1
11.33877/124.552177,-2
11.24989/122.579987,1
11.11755/125.253067,-2
10.62223/125.149437,-1
11.11755/125.253067,0
11.47454/124.518044,0
17.560419/120.489349,-1
9.96/125.61573,2
11.47454/124.518044,2
12.19128/123.900108,2
11.11755/125.253067,-2
11.11755/125.253067,-1
11.11755/125.253067,-2
10.84919/122.650482,1
11.11755/125.253067,-2
11.33877/124.552177,1
11.11755/125.253067,-2
11.33877/124.552177,1
11.33877/124.552177,-2
11.11755/125.253067,-2
11.33877/124.552177,1
11.33877/124.552177,0
11.33877/124.552177,0
11.33877/124.552177,2
11.24989/122.579987,1
11.33877/124.552177,2
11.24989/122.579987,2
11.7579/122.283447,0
11.33877/124.552177,2
10.739497/120.898064,-2
11.33877/124.552177,1
11.69361/124.831947,-2
14.061156/122.067551,-1
17.48101/120.482536,-1
11.33877/124.552177,2
13.43093/123.703033,-2
11.33877/124.552177,0
11.26843/122.888893,1
11.26843/122.888893,-1
11.33877/124.552177,2
11.33877/124.552177,-2
11.33877/124.552177,-2
12.19128/123.900108,0
11.47454/124.518044,0
11.33877/124.552177,-1
10.37741/123.013786,1
10.0325/126.071388,2
11.477714/122.890266,-2
11.24989/122.579987,1
10.62794/124.444077,2
11.33877/124.552177,2
11.24989/122.579987,1
11.24989/122.579987,0
11.33877/124.552177,2
11.33877/124.552177,2
11.33877/124.552177,-2
11.26843/122.888893,2
10.09141/119.241386,0
11.38738/123.036667,1
11.33877/124.552177,-2
11.07625/122.735077,-1
11.4152/124.965118,-2
11.24989/122.579987,2
11.33877/124.552177,-2
11.33877/124.552177,2
11.33877/124.552177,-2
10.84919/122.650482,-2
11.33877/124.552177,2
11.33877/124.552177,2
11.33877/124.552177,1
10.62223/125.149437,2
17.48101/120.482536,-2
11.33877/124.552177,1
11.33877/124.552177,-2
10.84919/122.650482,1
10.84919/122.650482,0
11.33877/124.552177,-2
11.33877/124.552177,0
11.33877/124.552177,-1
11.33877/124.552177,-1
11.33877/124.552177,1
11.24989/122.579987,2
11.33877/124.552177,1
11.33877/124.552177,2
11.33877/124.552177,-2
17.48101/120.482536,0
11.33877/124.552177,2
11.33877/124.552177,2
11.33877/124.552177,-1
17.48101/120.482536,-2
11.33877/124.552177,-1
11.33877/124.552177,0
11.33877/124.552177,1
11.33877/124.552177,-2
11.33877/124.552177,2
10.84919/122.650482,2
17.48101/120.482536,0
11.69361/124.831947,-2
14.635671/120.989517,-1
11.33877/124.552177,2
10.84919/122.650482,2
11.26843/122.888893,1
11.13913/123.10968,2
11.33877/124.552177,-2
17.48101/120.482536,0
17.48101/120.482536,-2
11.33877/124.552177,1
12.27187/123.733131,-1
11.133198/124.024963,-2
12.52548/124.447601,0
11.33877/124.552177,2
11.33877/124.552177,-1
11.33877/124.552177,2
11.24989/122.579987,2
11.33877/124.552177,2
11.33877/124.552177,1
11.33877/124.552177,-1
11.24989/122.579987,2
11.33877/124.552177,1
11.33877/124.552177,1
10.62223/125.149437,2
14.635671/120.989517,2
11.33877/124.552177,2
11.33877/124.552177,2
11.33877/124.552177,2
11.33877/124.552177,2
10.84919/122.650482,1
11.33877/124.552177,-2
11.33877/124.552177,0
11.33877/124.552177,2
11.33877/124.552177,2
11.33877/124.552177,2
11.33877/124.552177,-2
11.33877/124.552177,2
10.62223/125.149437,2
10.84919/122.650482,1
11.477714/122.890266,2
13.9082/120.968697,0
10.77574/122.424362,-1
14.83112/120.577766,0
11.08335/124.747963,-1
14.4023/120.855721,0
10.84919/122.650482,-2
11.33877/124.552177,2
11.31701/125.249237,-2
11.31701/125.249237,-2
11.33877/124.552177,2
11.69361/124.831947,-2
11.33877/124.552177,0
10.62223/125.149437,2
11.33877/124.552177,2
11.33877/124.552177,1
11.33877/124.552177,2
9.5981/124.24334,-2
11.31701/125.249237,0
10.84919/122.650482,1
11.69361/124.831947,-2
10.84919/122.650482,1
11.47454/124.518044,-2
11.33877/124.552177,-2
11.33877/124.552177,-1
18.004311/120.772751,2
11.33877/124.552177,1
11.33877/124.552177,2
10.79067/123.944832,1
10.77604/125.957024,0
10.84919/122.650482,0
11.31701/125.249237,-2
11.24989/122.579987,0
11.33877/124.552177,-1
17.560419/120.489349,-1
11.31701/125.249237,-2
11.33877/124.552177,1
11.31701/125.249237,-2
11.07625/122.735077,0
10.62794/124.444077,0
11.33877/124.552177,2
11.33877/124.552177,1
15.35778/120.739723,-2
11.33877/124.552177,1
11.33877/124.552177,-2
11.33877/124.552177,-2
10.62794/124.444077,-1
11.33877/124.552177,1
11.31701/125.249237,-1
14.19707/121.2938,-2
10.62223/125.149437,1
11.33877/124.552177,2
11.33877/124.552177,-1
11.33877/124.552177,1
11.69361/124.831947,0
11.33877/124.552177,1
11.31701/125.249237,-2
11.31701/125.249237,-2
10.84919/122.650482,1
11.33877/124.552177,1
11.01818/124.916222,1
11.31701/125.249237,-2
11.69361/124.831947,0
10.84919/122.650482,1
11.33877/124.552177,-2
11.33877/124.552177,-1
11.33877/124.552177,-1
11.33877/124.552177,1
11.13314/122.242104,-2
11.13913/123.10968,2
10.33368/124.972519,-1
10.84919/122.650482,0
11.31701/125.249237,0
11.33877/124.552177,2
10.62223/125.149437,0
10.84919/122.650482,1
10.62223/125.149437,-2
10.84919/122.650482,2
11.33877/124.552177,2
11.33877/124.552177,2
11.33877/124.552177,1
11.33877/124.552177,2
11.33877/124.552177,-2
11.33877/124.552177,-1
11.31701/125.249237,-2
11.24989/122.579987,0
11.33877/124.552177,2
10.84919/122.650482,1
11.13913/123.10968,1
11.33877/124.552177,1
11.33877/124.552177,-1
10.62794/124.444077,-1
11.33877/124.552177,1
11.69361/124.831947,-2
10.84919/122.650482,-1
12.27187/123.733131,-2
11.33877/124.552177,-1
11.33877/124.552177,-2
10.84919/122.650482,0
11.33877/124.552177,-1
10.09141/119.241386,-1
11.02292/119.291801,-2
11.33877/124.552177,-1
11.33877/124.552177,2
12.62532/122.284721,-2
11.47454/124.518044,0
11.31701/125.249237,0
12.65942/124.040123,0
10.09141/119.241386,-2
9.12073/123.672142,2
17.560419/120.489349,-2
11.33877/124.552177,1
11.13913/123.10968,1
11.31701/125.249237,-2
11.31701/125.249237,-2
10.67618/122.276367,0
11.33877/124.552177,-1
11.31701/125.249237,-2
12.62532/122.284721,0
11.33877/124.552177,2
11.47454/124.518044,0
11.31701/125.249237,-2
9.96/125.61573,2
11.47454/124.518044,2
12.27187/123.733131,2
11.31701/125.249237,-2
14.19707/121.2938,-2
14.19707/121.2938,-2
11.31701/125.249237,0
11.31701/125.249237,-2
11.31701/125.249237,-2
10.62794/124.444077,0
10.62223/125.149437,-1
11.33877/124.552177,-1
11.33877/124.552177,2
11.33877/124.552177,2
11.33877/124.552177,0
11.13913/123.10968,0
11.33877/124.552177,1
11.33877/124.552177,-1
11.38738/123.036667,-1
10.62794/124.444077,0
11.33877/124.552177,1
11.13913/123.10968,-2
11.33877/124.552177,0
10.84919/122.650482,-1
11.21162/122.966721,0
11.13913/123.10968,0
11.33877/124.552177,2
11.33877/124.552177,1
11.33877/124.552177,1
12.22356/125.217041,0
11.33877/124.552177,2
11.33877/124.552177,2
11.24989/122.579987,0
11.13913/123.10968,0
11.21162/122.966721,-1
11.33877/124.552177,1
11.33877/124.552177,-2
10.62223/125.149437,-2
11.33877/124.552177,2
11.21162/122.966721,2
11.49771/123.120338,-1
11.33877/124.552177,2
11.33877/124.552177,1
18.37447/122.117477,-2
11.33877/124.552177,-1
11.33877/124.552177,2
11.13913/123.10968,0
11.13913/123.10968,1
8.51249/124.411812,0
11.33877/124.552177,2
11.13913/123.10968,1
11.33877/124.552177,-1
11.24989/122.579987,-1
11.24989/122.579987,-1
10.62223/125.149437,0
11.51976/122.145157,0
10.62223/125.149437,2
10.62223/125.149437,2
11.38738/123.036667,-1
14.19095/122.935539,-2
10.62794/124.444077,0
11.33877/124.552177,0
11.33877/124.552177,2
10.62223/125.149437,1
10.84919/122.650482,0
10.99136/122.851578,1
10.99136/122.851578,1
10.99136/122.851578,-1
14.19707/121.2938,-2
10.35489/124.894531,-1
10.99136/122.851578,-1
14.19707/121.2938,2
10.52387/125.052963,-1
10.84919/122.650482,0
10.84919/122.650482,-2
11.33877/124.552177,2
12.22356/125.217041,0
10.62794/124.444077,0
11.13913/123.10968,0
11.33877/124.552177,2
10.84919/122.650482,-2
11.33877/124.552177,-1
10.84919/122.650482,0
11.21162/122.966721,0
10.84919/122.650482,-2
11.33877/124.552177,2
11.33877/124.552177,2
10.1964/123.140312,2
10.86586/124.501259,1
10.84919/122.650482,-2
10.84919/122.650482,-2
10.84919/122.650482,-2
10.84919/122.650482,-1
10.84919/122.650482,0
8.18695/124.06572,2
11.33877/124.552177,1
12.65942/124.040123,1
10.52387/125.052963,-1
11.21162/122.966721,1
12.65942/124.040123,1
11.33877/124.552177,2
14.69707/121.576851,2
11.33877/124.552177,2
11.21162/122.966721,2
10.84919/122.650482,1
10.84919/122.650482,-1
11.33877/124.552177,2
11.33877/124.552177,2
14.19707/121.2938,-2
11.33877/124.552177,2
11.33877/124.552177,2
11.47454/124.518044,0
14.19707/121.2938,-2
14.19707/121.2938,-2
11.33877/124.552177,2
11.33877/124.552177,2
14.19707/121.2938,2
11.33877/124.552177,-2
10.62223/125.149437,2
14.19095/122.935539,2
10.62223/125.149437,-1
10.35489/124.894531,-2
11.33877/124.552177,1
11.33877/124.552177,1
11.08107/125.030884,-2
10.35489/124.894531,2
10.62223/125.149437,2
10.62223/125.149437,2
10.84919/122.650482,2
11.33877/124.552177,1
10.62794/124.444077,0
11.33877/124.552177,2
11.33877/124.552177,-1
10.84919/122.650482,0
10.62794/124.444077,0
11.33877/124.552177,2
10.84919/122.650482,0
11.33877/124.552177,0
11.33877/124.552177,2
10.62223/125.149437,2
11.21162/122.966721,2
11.21162/122.966721,-1
10.62794/124.444077,2
11.33877/124.552177,-1
10.90374/125.019707,2
10.35489/124.894531,-2
10.62223/125.149437,2
11.33877/124.552177,0
10.35489/124.894531,-1
10.35489/124.894531,-1
10.62223/125.149437,1
11.33877/124.552177,2
10.62223/125.149437,2
11.21162/122.966721,1
10.84919/122.650482,0
11.21162/122.966721,-2
11.33877/124.552177,-1
11.477714/122.890266,-1
11.33877/124.552177,1
11.33877/124.552177,-2
11.21162/122.966721,2
10.62223/125.149437,-2
11.33877/124.552177,2
11.33877/124.552177,2
14.19707/121.2938,-2
11.33877/124.552177,2
10.62223/125.149437,1
10.62223/125.149437,1
10.62223/125.149437,2
11.33877/124.552177,2
11.33877/124.552177,-2
11.33877/124.552177,-2
10.78819/125.005142,-1
10.52387/125.052963,0
14.19707/121.2938,-2
17.560419/120.489349,-1
11.33877/124.552177,2
14.19707/121.2938,-2
11.33877/124.552177,2
10.77604/125.957024,0
10.52387/125.052963,0
11.33877/124.552177,0
11.33877/124.552177,1
11.08107/125.030884,-2
14.19707/121.2938,-2
11.33877/124.552177,-1
11.33877/124.552177,2
11.33877/124.552177,1
11.33877/124.552177,-2
14.19707/121.2938,-2
10.84919/122.650482,-2
10.77604/125.957024,-2
14.19707/121.2938,-2
10.62223/125.149437,0
14.19707/121.2938,-2
11.47454/124.518044,0
14.19707/121.2938,-2
11.33877/124.552177,0
10.90374/125.019707,0
11.33877/124.552177,1
10.62223/125.149437,2
11.33877/124.552177,2
11.02292/119.291801,-2
11.47454/124.518044,0
11.08107/125.030884,0
10.62223/125.149437,0
10.62223/125.149437,2
7.75474/122.803413,-2
11.33877/124.552177,-1
10.62223/125.149437,0
11.33877/124.552177,2
11.33877/124.552177,-1
10.86586/124.501259,0
11.33877/124.552177,1
11.33877/124.552177,-1
11.33877/124.552177,0
11.33877/124.552177,-1
10.86586/124.501259,-1
11.33877/124.552177,-1
11.33877/124.552177,-2
11.69361/124.831947,-1
11.33877/124.552177,2
11.133198/124.024963,1
11.33877/124.552177,1
11.08107/125.030884,0
11.33877/124.552177,1
11.33877/124.552177,1
11.33877/124.552177,1
11.33877/124.552177,2
11.33877/124.552177,2
11.08107/125.030884,-2
11.08107/125.030884,-2
10.52387/125.052963,0
11.33877/124.552177,0
11.33877/124.552177,2
11.33877/124.552177,1
11.33877/124.552177,2
11.33877/124.552177,1
10.62223/125.149437,2
11.33877/124.552177,2
10.62223/125.149437,2
11.1346/125.013977,2
7.66159/122.984718,2
11.33877/124.552177,2
11.33877/124.552177,2
11.33877/124.552177,1
10.52387/125.052963,-1
10.62223/125.149437,2
10.62223/125.149437,2
11.33877/124.552177,2
10.52387/125.052963,-2
11.08107/125.030884,-2
11.33877/124.552177,2
11.33877/124.552177,1
11.33877/124.552177,0
11.33877/124.552177,2
11.33877/124.552177,2
11.33877/124.552177,0
11.33877/124.552177,-1
11.33877/124.552177,1
11.33877/124.552177,-1
11.33877/124.552177,0
14.69707/121.576851,-2
10.86586/124.501259,0
10.62223/125.149437,0
11.33877/124.552177,0
12.46725/124.406509,1
10.62223/125.149437,2
10.62223/125.149437,-1
14.19707/121.2938,-2
10.52387/125.052963,2
14.19707/121.2938,-2
11.33877/124.552177,1
11.33877/124.552177,1
11.33877/124.552177,2
10.62223/125.149437,-2
11.47454/124.518044,0
11.33877/124.552177,2
11.33877/124.552177,1
11.33877/124.552177,0
11.33877/124.552177,1
11.33877/124.552177,-2
12.27187/123.733131,-1
11.33877/124.552177,2
14.19707/121.2938,-2
10.62223/125.149437,2
11.33877/124.552177,1
12.19128/123.900108,0
14.19707/121.2938,-1
12.09032/125.47921,2
14.19707/121.2938,-2
11.33877/124.552177,-1
13.07567/124.134247,-2
10.62223/125.149437,2
11.33877/124.552177,1
11.47454/124.518044,0
12.99639/124.151367,-1
10.62223/125.149437,1
11.69361/124.831947,2
11.69361/124.831947,-2
14.19707/121.2938,-2
14.19707/121.2938,-2
11.33877/124.552177,2
14.19707/121.2938,-2
10.62223/125.149437,2
14.19707/121.2938,-2
11.33877/124.552177,-2
11.33877/124.552177,1
11.33877/124.552177,-2
11.33877/124.552177,2
10.62223/125.149437,2
9.96/125.61573,2
11.47454/124.518044,2
12.19128/123.900108,2
14.19707/121.2938,-2
11.33877/124.552177,1
17.560419/120.489349,-1
14.93031/121.080147,2
14.19707/121.2938,-2
10.35489/124.894531,2
11.33877/124.552177,1
11.33877/124.552177,1
10.77604/125.957024,-2
10.77604/125.957024,-2
11.33877/124.552177,-2
11.477714/122.890266,1
10.62794/124.444077,-2
5.97611/121.586113,-2
11.33877/124.552177,2
11.33877/124.552177,1
11.33877/124.552177,1
14.19707/121.2938,-1
11.33877/124.552177,1
11.33877/124.552177,1
10.62223/125.149437,1
9.5981/124.24334,2
11.33877/124.552177,-1
11.33877/124.552177,-1
11.33877/124.552177,1
10.62223/125.149437,0
10.62223/125.149437,2
10.62794/124.444077,-1
10.62794/124.444077,-1
11.33877/124.552177,-1
14.19707/121.2938,-2
11.33877/124.552177,2
10.62223/125.149437,2
11.69361/124.831947,-1
14.635671/120.989517,-1
11.33877/124.552177,1
11.33877/124.552177,1
11.33877/124.552177,1
11.69361/124.831947,1
11.33877/124.552177,2
11.69361/124.831947,0
8.21537/123.549568,0
11.33877/124.552177,0
11.47454/124.518044,0
11.33877/124.552177,0
11.33877/124.552177,2
11.08107/125.030884,-1
17.560419/120.489349,-1
11.08107/125.030884,0
10.84919/122.650482,2
11.33877/124.552177,1
10.62223/125.149437,-1
11.33877/124.552177,2
10.62223/125.149437,2
14.19707/121.2938,-2
14.19707/121.2938,-2
11.33877/124.552177,2
11.09056/123.649437,0
12.19128/123.900108,0
14.19707/121.2938,-2
13.95248/122.418083,-1
10.62223/125.149437,-1
11.33877/124.552177,2
11.33877/124.552177,2
10.62223/125.149437,-2
10.62223/125.149437,2
10.62223/125.149437,2
10.62223/125.149437,2
10.35489/124.894531,2
10.62223/125.149437,-1
11.33877/124.552177,1
11.33877/124.552177,1
10.62794/124.444077,-1
11.33877/124.552177,1
11.33877/124.552177,1
10.62223/125.149437,2
11.33877/124.552177,2
11.33877/124.552177,1
10.62223/125.149437,2
10.62223/125.149437,2
11.33877/124.552177,-1
11.33877/124.552177,2
11.33877/124.552177,2
10.62223/125.149437,2
10.62223/125.149437,2
11.33877/124.552177,2
11.33877/124.552177,2
10.62223/125.149437,2
10.62223/125.149437,2
11.33877/124.552177,1
10.62223/125.149437,2
11.33877/124.552177,2
10.62223/125.149437,2
11.33877/124.552177,2
11.33877/124.552177,-1
11.33877/124.552177,2
10.62223/125.149437,2
10.62223/125.149437,2
10.62223/125.149437,2
11.33877/124.552177,-1
11.33877/124.552177,2
10.62223/125.149437,2
11.33877/124.552177,2
11.33877/124.552177,2
11.33877/124.552177,2
10.62223/125.149437,2
11.33877/124.552177,-1
11.33877/124.552177,1
11.33877/124.552177,1
11.33877/124.552177,1
11.33877/124.552177,2
11.33877/124.552177,2
11.33877/124.552177,1
11.33877/124.552177,1
11.33877/124.552177,1
11.33877/124.552177,1
11.33877/124.552177,2
11.33877/124.552177,1
11.33877/124.552177,-2
14.69707/121.576851,2
11.33877/124.552177,1
11.33877/124.552177,1
11.33877/124.552177,1
11.33877/124.552177,1
11.33877/124.552177,1
11.33877/124.552177,1
11.33877/124.552177,1
11.33877/124.552177,1
11.33877/124.552177,1
11.33877/124.552177,2
11.33877/124.552177,2
11.33877/124.552177,-1
11.69361/124.831947,-1
11.33877/124.552177,0
11.33877/124.552177,2
7.34833/122.919899,2
11.33877/124.552177,1
10.62223/125.149437,-2
11.69361/124.831947,1
11.33877/124.552177,1
11.33877/124.552177,2
10.62223/125.149437,-1
10.62223/125.149437,2
10.62223/125.149437,2
11.33877/124.552177,2
11.33877/124.552177,1
11.33877/124.552177,1
11.33877/124.552177,1
11.33877/124.552177,1
11.33877/124.552177,2
11.33877/124.552177,1
11.33877/124.552177,1
11.33877/124.552177,1
11.33877/124.552177,1
11.33877/124.552177,1
11.33877/124.552177,1
11.33877/124.552177,1
11.33877/124.552177,1
11.33877/124.552177,1
11.33877/124.552177,1
11.33877/124.552177,1
11.33877/124.552177,2
11.33877/124.552177,1
11.33877/124.552177,1
11.33877/124.552177,1
11.33877/124.552177,1
11.33877/124.552177,1
11.33877/124.552177,1
11.33877/124.552177,1
11.33877/124.552177,1
10.62223/125.149437,2
11.33877/124.552177,1
11.33877/124.552177,2
11.33877/124.552177,2
11.33877/124.552177,1
11.33877/124.552177,2
11.33877/124.552177,2
13.95578/122.022133,2
11.33877/124.552177,1
11.33877/124.552177,2
10.62223/125.149437,2
11.33877/124.552177,2
10.62223/125.149437,2
11.33877/124.552177,1
11.33877/124.552177,2
11.33877/124.552177,1
11.33877/124.552177,-1
11.33877/124.552177,2
11.33877/124.552177,2
10.62223/125.149437,2
10.62794/124.444077,0
11.33877/124.552177,1
11.33877/124.552177,1
10.9444/122.484444,-2
10.62223/125.149437,1
11.33877/124.552177,1
10.62223/125.149437,1
11.33877/124.552177,1
11.33877/124.552177,1
10.62223/125.149437,1
11.33877/124.552177,1
11.33877/124.552177,1
11.33877/124.552177,1
11.33877/124.552177,1
11.33877/124.552177,1
11.33877/124.552177,1
11.33877/124.552177,1
11.33877/124.552177,2
11.33877/124.552177,1
11.33877/124.552177,1
11.33877/124.552177,1
11.33877/124.552177,1
11.33877/124.552177,2
10.62223/125.149437,1
11.33877/124.552177,2
11.33877/124.552177,1
11.33877/124.552177,-1
10.62223/125.149437,2
11.33877/124.552177,2
11.33877/124.552177,1
11.33877/124.552177,-2
11.33877/124.552177,-1
11.33877/124.552177,-2
11.33877/124.552177,-2
10.62223/125.149437,-2
11.33877/124.552177,1
11.33877/124.552177,1
11.33877/124.552177,-1
11.33877/124.552177,1
10.62794/124.444077,-1
11.33877/124.552177,-2
11.33877/124.552177,2
9.5981/124.24334,1
9.96/125.61573,0
11.33877/124.552177,1
11.33877/124.552177,2
10.62223/125.149437,1
11.33877/124.552177,1
10.62794/124.444077,-1
10.62794/124.444077,0
10.62794/124.444077,0
11.33877/124.552177,-2
11.33877/124.552177,-1
11.33877/124.552177,2
10.62223/125.149437,1
9.5981/124.24334,2
11.9945/125.207626,0
10.62223/125.149437,0
11.69361/124.831947,-1
12.19128/123.900108,0
11.33877/124.552177,-1
10.62794/124.444077,0
11.33877/124.552177,0
10.62794/124.444077,-1
11.33877/124.552177,2
10.62794/124.444077,0
17.560419/120.489349,-1
11.47454/124.518044,-2
11.33877/124.552177,1
10.62794/124.444077,-1
10.62794/124.444077,1
18.004311/120.772751,-1
10.62794/124.444077,2
11.33877/124.552177,-1
9.96/125.61573,-2
11.69361/124.831947,2
11.33877/124.552177,0
11.47454/124.518044,1
10.62794/124.444077,0
11.33877/124.552177,1
11.33877/124.552177,2
11.33877/124.552177,-1
11.33877/124.552177,1
11.33877/124.552177,1
11.33877/124.552177,2
10.62794/124.444077,0
10.62794/124.444077,0
10.62794/124.444077,0
11.33877/124.552177,0
10.62794/124.444077,-2
11.12167/125.335831,-1
11.12167/125.335831,-1
10.62794/124.444077,-2
10.62794/124.444077,-2
14.061156/122.067551,0
11.12167/125.335831,1
11.47454/124.518044,-1
11.33877/124.552177,-2
7.84752/126.190407,-2
11.33877/124.552177,2
11.33877/124.552177,1
12.62532/122.284721,-1
10.62794/124.444077,2
11.47454/124.518044,-2
11.33877/124.552177,-2
10.62794/124.444077,-2
10.62794/124.444077,-2
10.8926/123.960152,-2
10.62794/124.444077,-2
10.62794/124.444077,-2
10.8926/123.960152,-2
17.560419/120.489349,-1
11.33877/124.552177,-2
11.12167/125.335831,0
11.33877/124.552177,0
10.62794/124.444077,2
10.77604/125.957024,1
11.69361/124.831947,-1
10.77604/125.957024,-2
10.77604/125.957024,1
11.33877/124.552177,0
10.62794/124.444077,-2
10.62794/124.444077,-2
10.62794/124.444077,-2
10.62794/124.444077,-2
11.33877/124.552177,1
17.560419/120.489349,-1
10.77604/125.957024,1
11.33877/124.552177,1
10.35489/124.894531,1
11.69361/124.831947,-2
11.11/125.439079,-1
12.65942/124.040123,1
11.33877/124.552177,2
11.33877/124.552177,1
17.560419/120.489349,-1
10.62794/124.444077,-1
11.11/125.439079,-1
9.5981/124.24334,-2
11.47454/124.518044,-2
11.11/125.439079,-1
11.33877/124.552177,-2
10.77604/125.957024,1
10.77604/125.957024,1
11.33877/124.552177,1
10.77604/125.957024,1
10.9444/122.484444,-2
11.33877/124.552177,-1
11.33877/124.552177,-1
11.69361/124.831947,-2
13.07567/124.134247,-2
10.9444/122.484444,-2
10.9444/122.484444,-2
10.9444/122.484444,-2
10.77604/125.957024,1
17.529699/121.841339,0
10.77604/125.957024,-1
17.560419/120.489349,-1
10.77604/125.957024,1
10.77604/125.957024,1
11.33877/124.552177,0
11.69361/124.831947,-1
11.69361/124.831947,-2
11.69361/124.831947,-2
10.77604/125.957024,-1
10.77604/125.957024,1
10.62794/124.444077,-2
11.47454/124.518044,-2
11.33877/124.552177,-2
10.62794/124.444077,0
10.77604/125.957024,1
11.33877/124.552177,-2
11.33877/124.552177,-2
10.77604/125.957024,0
12.5589/124.960617,0
9.96/125.61573,0
12.27187/123.733131,-1
11.133198/124.024963,-1
11.133198/124.024963,1
11.133198/124.024963,-1
11.33877/124.552177,2
11.69361/124.831947,-1
11.69361/124.831947,-1
11.69361/124.831947,2
10.77604/125.957024,-2
10.77604/125.957024,-1
11.69361/124.831947,0
10.77604/125.957024,-1
10.77604/125.957024,-1
10.77604/125.957024,-1
10.62794/124.444077,-1
10.77604/125.957024,0
11.69361/124.831947,1
10.77604/125.957024,-1
11.69361/124.831947,-2
11.33877/124.552177,1
17.529699/121.841339,-2
10.77604/125.957024,0
11.69361/124.831947,-1
11.69361/124.831947,-1
11.33877/124.552177,-2
7.44716/126.557716,-2
11.69361/124.831947,-1
11.33877/124.552177,2
11.69361/124.831947,-1
11.69361/124.831947,-1
11.69361/124.831947,-1
11.69361/124.831947,-1
17.560419/120.489349,-1
10.77604/125.957024,0
11.69361/124.831947,-2
11.69361/124.831947,-1
9.96/125.61573,2
11.47454/124.518044,2
9.96/125.61573,0
11.33877/124.552177,0
11.69361/124.831947,-1
11.69361/124.831947,-1
9.96/125.61573,-1
9.96/125.61573,0
9.96/125.61573,-1
11.69361/124.831947,-2
10.77604/125.957024,1
9.96/125.61573,-1
9.96/125.61573,-1
9.96/125.61573,0
11.47454/124.518044,0
9.96/125.61573,0
10.77604/125.957024,0
7.44716/126.557716,0
10.77604/125.957024,-1
11.69361/124.831947,-2
10.77604/125.957024,-2
10.77604/125.957024,-2
17.560419/120.489349,-1
10.77604/125.957024,-2
11.47454/124.518044,-1
17.560419/120.489349,-1
11.69361/124.831947,-2
7.44716/126.557716,-2
9.96/125.61573,-2
11.33877/124.552177,1
11.33877/124.552177,-2
9.96/125.61573,-1
7.82261/126.422684,-2
17.560419/120.489349,-1
11.69361/124.831947,-2
9.96/125.61573,-1
10.77604/125.957024,0
7.82261/126.422684,0
9.96/125.61573,-2
10.77604/125.957024,0
7.82261/126.422684,-2
11.69361/124.831947,0
10.77604/125.957024,-2
10.77604/125.957024,0
10.77604/125.957024,-2
17.560419/120.489349,-1
10.77604/125.957024,0
11.69361/124.831947,0
10.77604/125.957024,-2
10.77604/125.957024,-2
9.96/125.61573,-2
9.96/125.61573,-2
11.69361/124.831947,-2
9.96/125.61573,1
10.77604/125.957024,0
11.69361/124.831947,0
10.77604/125.957024,0
14.18829/121.984032,-2
11.69361/124.831947,-2
9.96/125.61573,-2
11.69361/124.831947,0
10.77604/125.957024,-2
11.69361/124.831947,-2
9.96/125.61573,0
11.69361/124.831947,0
10.77604/125.957024,0
9.96/125.61573,0
9.96/125.61573,-2
11.69361/124.831947,-2
11.69361/124.831947,-2
9.96/125.61573,0
11.69361/124.831947,-2
11.69361/124.831947,-2
9.96/125.61573,0
11.69361/124.831947,-2
11.69361/124.831947,-1
11.69361/124.831947,0
9.96/125.61573,1
9.96/125.61573,0
10.77604/125.957024,-2
10.77604/125.957024,-2
10.77604/125.957024,-1
10.77604/125.957024,-2
9.96/125.61573,-2
11.02292/119.291801,1
11.1967115/122.6281618,-1
15.1556712/120.4238417,2
10.5470262/124.7434968,1
10.5470262/124.7434968,-1
17.9639786/121.6003984,0
14.5620847/121.1413017,2
14.3532317/120.8840735,1
10.6789404/122.4979499,0
11.4899105/122.6771784,0
10.2594754/123.7647381,0
9.4212592/121.2824953,2
14.5893763/120.989705,2
11.0175311/124.9024417,1
10.1103384/124.7521175,2
11.478175/122.83378,1
11.4899105/122.6771784,0
10.6789404/122.4979499,0
10.1103384/124.7521175,2
10.5470262/124.7434968,2
11.0175311/124.9024417,0
14.5893763/120.989705,2
51.436221/0.0335507,1
10.701468507519097/122.54368490777557,2
10.4606567/124.7208065,-1
10.2594754/123.7647381,2
10.2594754/123.7647381,2
10.9533981/124.4758848,1
14.3576337/120.9272236,-1
14.3576337/120.9272236,2
14.5134816/120.9988804,1
14.5134816/120.9988804,-2
7.2231394/125.5462989,-1
11.2028176/125.4296279,2
11.201722/122.1762038,1
10.5470262/124.7434968,-2
14.1298955/120.9208041,2
10.5470262/124.7434968,2
10.5470262/124.7434968,2
10.6789404/122.4979499,1
10.0051254/124.9593881,0
11.9394839/124.6675564,2
10.5470262/124.7434968,1
10.2594754/123.7647381,-1
16.0060293/120.2984163,2
9.4212592/121.2824953,0
11.2788582/122.6502488,1
10.6789404/122.4979499,1
10.6789404/122.4979499,1
11.030751/122.9242409,2
14.5620847/121.1413017,0
10.6789404/122.4979499,1
10.6990327/123.0339946,0
11.2788582/122.6502488,2
10.9533981/124.4758848,1
11.3954999/122.9350557,-1
10.4606567/124.7208065,-2
14.5018211/120.9786272,1
14.5018211/120.9786272,2
10.3107867/123.9114563,1
10.4606567/124.7208065,1
11.4899105/122.6771784,2
45.410095/73.972965,2
10.3360323/124.7224949,1
10.6789404/122.4979499,-2
14.2700178/120.9982913,2
14.2700178/120.9982913,1
14.2700178/120.9982913,1
9.0962343/123.5615411,-1
10.2594754/123.7647381,0
14.5438774/120.9416422,1
10.4606567/124.7208065,2
10.2035208/123.9086254,0
10.5470262/124.7434968,1
10.6789404/122.4979499,1
14.3576337/120.9272236,2
6.9590062/125.2148204,1
11.254117/123.0254315,2
10.9533981/124.4758848,1
14.5018211/120.9786272,2
14.5018211/120.9786272,2
14.3532317/120.8840735,1
9.4212592/121.2824953,-2
9.4212592/121.2824953,-2
11.1474093/123.7565237,0
10.5470262/124.7434968,2
14.5018211/120.9786272,2
9.4212592/121.2824953,-2
11.254117/123.0254315,0
25.3535975/51.2694323,1
7.9709107/124.2567037,2
14.3532317/120.8840735,-2
14.7575264/120.7638121,0
10.2594754/123.7647381,2
10.6789404/122.4979499,0
11.1579655/124.6497584,1
14.5893763/120.989705,2
14.3576337/120.9272236,1
6.880958/121.8994113,1
14.3576337/120.9272236,0
15.1120056/120.4977942,-2
15.1120056/120.4977942,2
15.1120056/120.4977942,1
10.3360323/124.7224949,2
10.2343911/123.7722811,-2
14.6473097/120.9208056,0
10.5213415/124.9263823,1
9.4888721/123.6808696,2
10.3107867/123.9114563,2
14.6182442/121.0748367,1
11.7375585/124.6748915,0
13.0279578/123.2803044,-1
14.5438774/120.9416422,2
14.5374952/121.0609126,1
10.5470262/124.7434968,0
10.5470262/124.7434968,0
11.7375585/124.6748915,-1
10.3107867/123.9114563,0
10.9713526/123.945724,0
10.5470262/124.7434968,0
10.5470262/124.7434968,0
10.2594754/123.7647381,-1
10.3360323/124.7224949,-2
11.1808072/124.8960325,-2
11.1808072/124.8960325,1
9.7792788/125.8052295,1
10.2594754/123.7647381,1
